271,WXZ 131,MAN 18.280 HOCL-NL,WMAA69ZZZ3H002228,ABM 'CB64A',5963,Aug-03,B46DW,Admet,Port Adelaide
273,WYS 953,MAN 18.280 HOCL-NL,WMAA69ZZZ3H002230,ABM 'CB64A',5965,Aug-03,B46DW,Admet,Port Adelaide
275,WZJ 266,MAN 18.280 HOCL-NL,WMAA69ZZZ3H002818,ABM 'CB64A',5972,Nov-03,B47DW,Admet,Port Adelaide
277,WZB 277,MAN 18.280 HOCL-NL,WMAA69ZZZ3H002816,ABM 'CB64A',5974,Dec-03,B47DW,Admet,Port Adelaide
280,WXW 869,MAN 18.280 HOCL-NL,WMAA69ZZZ3H002752,ABM 'CB64A',5958,Aug-03,B46DW,Admet,Port Adelaide
281,WXW 868,MAN 18.280 HOCL-NL,WMAA69ZZZ3H002757,ABM 'CB64A',5959,Aug-03,B46DW,Admet,Port Adelaide
282,WXW 866,MAN 18.280 HOCL-NL,WMAA69ZZZ3H002754,ABM 'CB64A',5960,Aug-03,B46DW,Admet,Port Adelaide
283,WXW 870,MAN 18.280 HOCL-NL,WMAA69ZZZ3H002755,ABM 'CB64A',5961,Aug-03,B46DW,Admet,Port Adelaide
284,WXZ 132,MAN 18.280 HOCL-NL,WMAA69ZZZ3H002753,ABM 'CB64A',5962,Sep-03,B46DW,Admet,Port Adelaide
401,SB 98 HY,Scania K280UB,YS2K4X20001887890,Custom 'CB80',944072,2014,B45DW,Admet v2,Edinburgh North
402,SB 80 JR,Scania K280UB,YS2K4X20001888628,Custom 'CB80',,2014,B45DW,Admet v2,Edinburgh North
405,SB 69 JZ,Scania K280UB,YS2K4X20001880120,Custom 'CB80',,,B45DW,Admet v2,Edinburgh North
407,SB 90 KC,Scania K280UB,YS2K4X20001881054,Custom 'CB80',,,B45DW,Admet v2,Edinburgh North
408,SB 08 KG,Scania K280UB,YS2K4X20001881285,Custom 'CB80',,,B45DW,Admet v2,Edinburgh North
409,SB 17 KR,Scania K280UB,YS2K4X20001884340,Custom 'CB80',,,B45DW,Admet v2,Edinburgh North
410,SB 81 KR,Scania K280UB,YS2K4X20001884337,Custom 'CB80',,,B45DW,Admet v2,Edinburgh North
411,SB 33 KR,Scania K280UB,YS2K4X20001884342,Custom 'CB80',,,B45DW,Admet v2,Edinburgh North
412,SB 92 KU,Scania K280UB,YS2K4X20001884374,Custom 'CB80',,,B45DW,Admet v2,Edinburgh North
413,SB 70 KU,Scania K280UB,YS2K4X20001884378,Custom 'CB80',,,B45DW,Admet v2,Edinburgh North
418,SB 60 LO,Scania K280UB,YS2K4X20001887421,Custom 'CB80',,,B45DW,Admet v2,Edinburgh North
450,SB 98 JW,Scania K320UB,YS2K4X20001895863,Custom 'CB80',,,,Admet v2,Mile End
451,SB 32 FU,Scania K280UB,YS2K4X20001875803,Volgren 'CR228L',VG3358,2012,B45DW,Admet v2,Mile End
501,SB 21 EQ,Scania K280UB,YS2K4X20001873089,Custom 'CB80',9129,May-11,B45DW,Admet,Edinburgh North
502,SB 32 EQ,Scania K280UB,YS2K4X20001873098,Custom 'CB80',9131,May-11,B45DW,Admet,Edinburgh North
503,SB 30 EQ,Scania K280UB,YS2K4X20001873270,Custom 'CB80',9132,May-11,B45DW,Admet,Edinburgh North
504,SB 36 EQ,Scania K280UB,YS2K4X20001873276,Custom 'CB80',9133,May-11,B45DW,Admet,Edinburgh North
505,SB 31 EQ,Scania K280UB,YS2K4X20001873114,Custom 'CB80',9130,May-11,B45DW,Admet,Edinburgh North
506,SB 12 ES,Scania K280UB,YS2K4X20001873300,Custom 'CB80',9137,Jun-11,B45DW,Admet v2,Edinburgh North
507,SB 77 ET,Scania K280UB,YS2K4X20001873464,Custom 'CB80',,2011,B45DW,Admet v2,Edinburgh North
508,SB 78 ET,Scania K280UB,YS2K4X20001873555,Custom 'CB80',,2011,B45DW,Admet v2,Edinburgh North
509,SB 26 ET,Scania K280UB O-Bahn,YS2K4X20001873295,Custom 'CB80',,2011,B45DW,Admet v2,Morphettville
524,SB 93 HS,Scania K280UB,YS2K4X20001887747,Custom 'CB80',,,B45DW,Admet v2,Edinburgh North
525,SB 75 HS,Scania K280UB,YS2K4X20001887799,Custom 'CB80',,,B45DW,Admet v2,Edinburgh North
530,XIL 497,Scania L94UB,YS2L4X20001852104,Custom Coaches 'CB60A',7004A,Feb-06,B41DW,Admet,St. Agnes
531,XIL 633,Scania L94UB,YS2L4X20001852251,Custom Coaches 'CB60A',7005A,Feb-06,B41DW,Admet,St. Agnes
532,XIN 946,Scania L94UB,YS2L4X20001852290,Custom Coaches 'CB60A',7006A,Feb-06,B41DW,Admet,St. Agnes
533,XIJ 842,Scania L94UB,YS2L4X20001852294,Custom Coaches 'CB60A',7007A,Feb-06,B41DW,Admet,St. Agnes
534,XIJ 843,Scania L94UB,YS2L4X20001852312,Custom Coaches 'CB60A',7008A,Mar-06,B41DW,Admet,St. Agnes
535,XIL 577,Scania L94UB,YS2L4X20001852447,Custom Coaches 'CB60A',7009A,Mar-06,B41DW,Admet,St. Agnes
536,XIL 576,Scania L94UB,YS2L4X20001852477,Custom Coaches 'CB60A',7010A,Mar-06,B41DW,Admet,Newton
537,XIT 435,Scania L94UB,YS2L4X20001852479,Custom Coaches 'CB60A',7011A,Mar-06,B41DW,Admet,St. Agnes
538,XIT 463,Scania L94UB,YS2L4X20001852482,Custom Coaches 'CB60A',7013A,Mar-06,B41DW,Admet,St. Agnes
539,XIT 464,Scania L94UB,YS2L4X20001852611,Custom Coaches 'CB60A',7014A,Mar-06,B41DW,Admet,St. Agnes
540,XIH 091,Scania L94UB,YS2L4X20001852484,Custom Coaches 'CB60A',7012A,Mar-06,B41DW,Admet,St. Agnes
541,XIV 434,Scania L94UB,YS2L4X20001852898,Custom Coaches 'CB60A',7017A,Mar-06,B41DW,Admet,Edinburgh North
542,XIT 579,Scania L94UB,YS2L4X20001852668,Custom Coaches 'CB60A',7015A,Mar-06,B41DW,Admet,Edinburgh North
543,XJA 748,Scania L94UB,YS2L4X20001852839,Custom Coaches 'CB60A',7016A,Mar-06,B41DW,Admet,Edinburgh North
544,XLA 635,Scania L94UB,YS2L4X20001855174,Custom Coaches 'CB60A',7048A,Oct-06,B41DW,Admet,Edinburgh North
545,XLE 691,Scania L94UB,YS2L4X20001855281,Custom Coaches 'CB60A',7049A,Oct-06,B41DW,Admet,Edinburgh North
546,XLE 891,Scania L94UB,YS2L4X20001855212,Custom Coaches 'CB60A',7050A,Nov-06,B41DW,Admet,Edinburgh North
547,XLO 553,Scania L94UB,YS2L4X20001855254,Custom Coaches 'CB60A',7051A,Nov-06,B41DW,Admet,Edinburgh North
548,XLR 419,Scania L94UB,YS2L4X20001855344,Custom Coaches 'CB60A',7052A,Nov-06,B41DW,Admet,Edinburgh North
549,XLN 768,Scania L94UB,YS2L4X20001855286,Custom Coaches 'CB60A',7053A,Nov-06,B41DW,Admet,Edinburgh North
550,XLK 692,Scania L94UB,YS2L4X20001855433,Custom Coaches 'CB60A',7055A,Nov-06,B41DW,Admet,Edinburgh North
551,XLK 691,Scania L94UB,YS2L4X20001855427,Custom Coaches 'CB60A',7054A,Nov-06,B41DW,Admet,Edinburgh North
552,XLX 882,Scania L94UB,YS2L4X20001855464,Custom Coaches 'CB60A',7056A,Nov-06,B41DW,Admet,Edinburgh North
553,XLX 982,Scania L94UB,YS2L4X20001855466,Custom Coaches 'CB60A',7057A,Feb-07,B41DW,Admet,Edinburgh North
554,XLX 996,Scania L94UB,YS2L4X20001855582,Custom Coaches 'CB60A',7059A,Feb-07,B41DW,Admet,Edinburgh North
555,XMO 249,Scania L94UB,YS2L4X20001855440,Custom Coaches 'CB60A',7058A,Feb-07,B41DW,Admet,Edinburgh North
556,XMI 536,Scania L94UB,YS2L4X20001855568,Custom Coaches 'CB60A',7060A,Feb-07,B41DW,Admet,Edinburgh North
557,XML 052,Scania L94UB,YS2L4X20001855648,Custom Coaches 'CB60A',7061A,Feb-07,B41DW,Admet,Edinburgh North
558,XMT 033,Scania L94UB,YS2L4X20001855646,Custom Coaches 'CB60A',7062A,Feb-07,B41DW,Admet,Edinburgh North
562,SB 72 AJ,Scania K230UB,YS2K4X20001863417,Custom Coaches 'CB60 Evo II',9056,Apr-09,B41DW,Admet,Edinburgh North
563,SB 60 CN,Scania K230UB,YS2K4X20001863493,Custom Coaches 'CB60 Evo II',9057,Apr-09,B43FW,Admet,Edinburgh North
564,SB 00 CL,Scania K230UB,YS2K4X20001863556,Custom Coaches 'CB60 Evo II',9058,Apr-09,B41DW,Admet,Edinburgh North
565,SB 67 CJ,Scania K230UB,YS2K4X20001863560,Custom Coaches 'CB60 Evo II',9059,Apr-09,B41DW,Admet,Edinburgh North
566,SB 69 CJ,Scania K230UB,YS2K4X20001863567,Custom Coaches 'CB60 Evo II',9060,Apr-09,B41DW,Admet,Edinburgh North
567,SB 68 CJ,Scania K230UB,YS2K4X20001863562,Custom Coaches 'CB60 Evo II',9061,Apr-09,B41DW,Admet,Edinburgh North
568,SB 46 CN,Scania K230UB,YS2K4X20001863846,Custom Coaches 'CB60 Evo II',9073,May-09,B43FW,Admet,Edinburgh North
569,SB 01 CN,Scania K230UB,YS2K4X20001863815,Custom Coaches 'CB60 Evo II',9074,May-09,B43FW,Admet,Edinburgh North
579,SB 80 CR,Scania K230UB,YS2K4X20001864715,Custom Coaches 'CB60 Evo II',9096,Aug-09,B41DW,AOA for Binge,Edinburgh North
580,SB 55 CU,Scania K230UB,YS2K4X20001864802,Custom Coaches 'CB60 Evo II',9097,Sep-09,B41DW,Admet,Edinburgh North
584,SB 01 CS,Scania K230UB,YS2K4X20001864561,Custom Coaches 'CB60 Evo II',9090A,Aug-09,B41DW,Admet,Edinburgh North
599,SB 85 EP,Scania K280UB,YS2K4X20001873093,Custom 'CB80',9128,May-11,B45DW,Admet,Edinburgh North
757,WJP 356,MAN NL202 CNG,6ABA090098AX00979,ABM '160',5787,Jan-00,B37DW,Admet,Morphettville
761,WKL 244,MAN NL202 CNG,6ABA090109AX00990,ABM '160',5798,May-00,B37DW,Admet,Morphettville
762,WKH 673,MAN NL202 CNG,6ABA090110AX00991,ABM '160',5799,May-00,B37DW,Admet,Morphettville
763,WKM 996,MAN NL202 CNG,6ABA090111AX00998,ABM '160',5800,2000,B37DW,Admet,Morphettville
764,WKN 473,MAN NL202 CNG,6ABA090112AX00993,ABM '160',5801,Jun-00,B37DW,Admet,Morphettville
765,WKN 472,MAN NL202 CNG,6ABA090113AX00994,ABM '160',5802,Jun-00,B37DW,Admet,Morphettville
766,WKW 319,MAN NL202 CNG,6ABA090114AX00995,ABM '160',5803,Jun-00,B37DW,Admet,Morphettville
768,WKP 628,MAN NL202 CNG,6ABA090116AX01051,ABM '160',5805,Jun-00,B37DW,Admet,Morphettville
769,WOM 370,MAN NL232 CNG,6ABA090145AX01093,ABM 'CB62A',5834,Jun-01,B43DW,Admet,Morphettville
770,WOM 371,MAN NL232 CNG,6ABA090146AX01094,ABM 'CB62A',5835,Jun-01,B43DW,Admet,Morphettville
771,WOS 999,MAN NL232 CNG,6ABA090147AX01095,ABM 'CB62A',5836,Jul-01,B43DW,Admet,Morphettville
772,WOS 655,MAN NL232 CNG,6ABA090148AX01096,ABM 'CB62A',5837,Jul-01,B43DW,Admet,Morphettville
773,WOS 656,MAN NL232 CNG,6ABA090149AX01097,ABM 'CB62A',5838,Jul-01,B43DW,Admet,Morphettville
775,WOS 658,MAN NL232 CNG,6ABA090151AX01099,ABM 'CB62A',5840,Jul-01,B43DW,Admet,Morphettville
776,WOS 921,MAN NL232 CNG,6ABA090152AX01100,ABM 'CB62A',5841,Jul-01,B43DW,Admet,Morphettville
777,WOS 922,MAN NL232 CNG,6ABA090153AX01101,ABM 'CB62A',5842,Jul-01,B43DW,Admet,Morphettville
778,WOS 923,MAN NL232 CNG,6ABA090154AX01102,ABM 'CB62A',5843,Jul-01,B43DW,Admet,Morphettville
779,WOS 924,MAN NL232 CNG,6ABA090155AX01103,ABM 'CB62A',5844,Aug-01,B43DW,Admet,Morphettville
780,WOT 131,MAN NL232 CNG,6ABA090156AX01104,ABM 'CB62A',5845,Jul-01,B43DW,Admet,Morphettville
781,WOT 132,MAN NL232 CNG,6ABA090157AX01105,ABM 'CB62A',5846,Jul-01,B43DW,Admet,Morphettville
782,WPA 216,MAN NL232 CNG,6ABA090158AX01106,ABM 'CB62A',5847,Aug-01,B43DW,Admet,Morphettville
783,WPA 215,MAN NL232 CNG,6ABA090159AX01107,ABM 'CB62A',5848,Aug-01,B43DW,Admet,Morphettville
784,WPA 223,MAN NL232 CNG,6ABA090160AX01108,ABM 'CB62A',5849,Aug-01,B43DW,Admet,Morphettville
786,WPA 218,MAN NL232 CNG,6ABA090162AX01110,ABM 'CB62A',5851,Aug-01,B43DW,Admet,Morphettville
787,WPA 217,MAN NL232 CNG,6ABA090163AX01111,ABM 'CB62A',5852,Aug-01,B43DW,Admet,Morphettville
788,WPD 018,MAN NL232 CNG,6ABA090164AX01112,ABM 'CB62A',5853,Aug-01,B43DW,Admet,Morphettville
789,WPD 019,MAN NL232 CNG,6ABA090165AX01113,ABM 'CB62A',5854,Aug-01,B43DW,Admet,Morphettville
790,WPE 856,MAN NL232 CNG,6ABA090166AX01114,ABM 'CB62A',5855,Aug-01,B43DW,Admet,Morphettville
791,WPE 854,MAN NL232 CNG,6ABA090167AX01115,ABM 'CB62A',5856,Sep-01,B43DW,Admet,Morphettville
803,SB 55 GS,Scania K360UA,YS2K6X20001881075,Custom 'CB80',945043,Apr-13,AB63TW,Admet v2,Mile End
805,SB 28 GP,Scania K360UA,YS2K6X20001882733,Custom 'CB80',945045,Apr-13,AB63TW,Admet v2,Edinburgh North
806,SB 41 GP,Scania K360UA O-Bahn,YS2K6X20001882748,Custom 'CB80',945046,Apr-13,AB65TW,Admet v2,St. Agnes
807,SB 69 GT,Scania K360UA O-Bahn,YS2K6X20001882761,Custom 'CB80',945047,Apr-13,AB63TW,Admet v2,St. Agnes
808,SB 37 GS,Scania K360UA O-Bahn,YS2K6X20001882852,Custom 'CB80',945048,May-13,AB63TW,Admet v2,St. Agnes
831,SB 50 EE,Scania K320UA,YS2K6X20001869944,Custom Coaches 'CB60 Evo II',PTA-067,Nov-10,AB59TW,Admet,Edinburgh North
832,SB 22 EF,Scania K320UA,YS2K6X20001869955,Custom Coaches 'CB60 Evo II',PTA-068,Nov-10,AB59TW,Admet,Edinburgh North
833,SB 24 EF,Scania K320UA,YS2K6X20001869978,Custom Coaches 'CB60 Evo II',PTA-069,Nov-10,AB59TW,Admet,Edinburgh North
834,SB 94 ED,Scania K320UA,YS2K6X20001869982,Custom Coaches 'CB60 Evo II',PTA-070,Nov-10,AB59TW,Admet,Edinburgh North
835,SB 23 EF,Scania K320UA,YS2K6X20001869970,Custom Coaches 'CB60 Evo II',PTA-071,Nov-10,AB59TW,Admet,Edinburgh North
836,SB 37 EG,Scania K320UA,YS2K6X20001869974,Custom Coaches 'CB60 Evo II',PTA-072,Nov-10,AB59TW,Admet,Edinburgh North
837,SB 82 FC,Scania K320UA,YS2K6X20001874852,Custom 'CB80',5009,Sep-11,AB65TW,Admet v2,Edinburgh North
838,SB 46 FC,Scania K320UA,YS2K6X20001874835,Custom 'CB80',5010,Sep-11,AB65TW,Admet v2,Edinburgh North
839,SB 97 FC,Scania K320UA,YS2K6X20001874814,Custom 'CB80',5011,Oct-11,AB65TW,Admet v2,Edinburgh North
840,SB 94 FF,Scania K320UA,YS2K6X20001874892,Custom 'CB80',5012,Oct-11,AB65TW,Admet v2,Edinburgh North
841,SB 79 FH,Scania K320UA,YS2K6X20001876017,Custom 'CB80',5018,Jan-12,AB65TW,Admet v2,Edinburgh North
842,SB 78 FH,Scania K320UA,YS2K6X20001876020,Custom 'CB80',5019,Jan-12,AB65TW,Admet v2,Edinburgh North
843,SB 86 FK,Scania K320UA,YS2K6X20001876025,Custom 'CB80',5020,Feb-12,AB65TW,Admet v2,Edinburgh North
844,SB 55 FN,Scania K320UA,YS2K6X20001876267,Custom 'CB80',5021,Feb-12,AB65TW,Admet v2,Edinburgh North
845,SB 20 FL,Scania K320UA,YS2K6X20001876271,Custom 'CB80',5022,Feb-12,AB65TW,Admet v2,Edinburgh North
846,SB 28 FN,Scania K320UA,YS2K6X20001876275,Custom 'CB80',5023,Mar-12,AB65TW,Admet v2,Edinburgh North
847,SB 40 FQ,Scania K320UA,YS2K6X20001876639,Custom 'CB80',5024,Mar-12,AB65TW,Admet v2,Edinburgh North
848,SB 11 FQ,Scania K320UA,YS2K6X20001876737,Custom 'CB80',5025,Mar-12,AB65TW,Admet v2,Edinburgh North
849,SB 08 FR,Scania K320UA,YS2K6X20001876744,Custom 'CB80',5026,Apr-12,AB65TW,Admet v2,Edinburgh North
850,SB 21 ET,Scania K320UA,YS2K6X20001873777,Custom 'CB80',945002,Jun-11,AB63TW,Admet v2,Edinburgh North
851,SB 93 FU,Scania K360UA,YS2K6X20001872817,Custom 'CB80',945031,Jun-12,AB63TW,Admet v2,Edinburgh North
852,SB 24 FZ,Scania K360UA,YS2K6X20001878481,Custom 'CB80',945032,Jul-12,AB63TW,Admet v2,Edinburgh North
853,SB 43 GB,Scania K360UA,YS2K6X20001878798,Custom 'CB80',945033,Sep-12,AB63TW,Admet v2,Edinburgh North
857,SB 73 GE,Scania K360UA,YS2K6X20001879520,Custom 'CB80',945037,Nov-12,AB63TW,Admet v2,Edinburgh North
901,XS 17CX,Hino Poncho HX,JHDHX9JLKXXX40063,Hino,-,2020,B18FW,Admet new,Edinburgh North
902,XS 18CX,Hino Poncho HX,JHDHX9JLKXXX40065,Hino,-,2020,B18FW,Admet New,Edinburgh North
903,XS 22DA,Hino Poncho HX,JHDHX9JLKXXX40064,Hino,-,2020,B18FW,Admet New,Edinburgh North
950,XCP 744,Scania L94UA,YS2L6X20001847168,Custom Coaches 'CB60 Combo',6010A,Aug-04,AB67TW,Admet,St. Agnes
951,XCP 743,Scania L94UA,YS2L6X20001847179,Custom Coaches 'CB60 Combo',6011A,Aug-04,AB67TW,Admet,St. Agnes
952,XCY 764,Scania L94UA,YS2L6X20001847329,Custom Coaches 'CB60 Combo',6012A,Oct-04,AB67TW,Admet,St. Agnes
953,XCY 949,Scania L94UA,YS2L6X20001847338,Custom Coaches 'CB60 Combo',6013A,Oct-04,AB67TW,Admet,St. Agnes
954,XDA 421,Scania L94UA,YS2L6X20001847532,Custom Coaches 'CB60 Combo',6014A,Oct-04,AB67TW,Admet,St. Agnes
955,XEB 095,Scania L94UA,YS2L6X20001848580,Custom Coaches 'CB60 Combo',6023A,Jan-05,AB67TW,Admet,Edinburgh North
956,XEH 144,Scania L94UA,YS2L6X20001848409,Custom Coaches 'CB60 Combo',6022A,Feb-05,AB67TW,Admet,Edinburgh North
957,XEI 352,Scania L94UA,YS2L6X20001848727,Custom Coaches 'CB60 Combo',6024A,Feb-05,AB67TW,Admet,Morphettville
958,XEI 368,Scania L94UA,YS2L6X20001848777,Custom Coaches 'CB60 Combo',6025A,Feb-05,AB67TW,Admet,Edinburgh North
959,XEV 125,Scania L94UA,YS2L6X20001848765,Custom Coaches 'CB60 Combo',6026A,May-05,AB67TW,Admet,Morphettville
960,XFG 356,Scania L94UA,YS2L6X20001849251,Custom Coaches 'CB60 Combo',6032A,May-05,AB67TW,Admet,Morphettville
961,XFG 467,Scania L94UA,YS2L6X20001849651,Custom Coaches 'CB60 Combo',6033A,Jun-05,AB67TW,Admet,Morphettville
962,XFG 465,Scania L94UA,YS2L6X20001849748,Custom Coaches 'CB60 Combo',6034A,Jun-05,AB67TW,Admet,Morphettville
963,XFI 913,Scania L94UA,YS2L6X20001849675,Custom Coaches 'CB60 Combo',6036A,Jun-05,AB67TW,Admet,Morphettville
1001,SB 85 AS,Scania L94UA,YS2L6X20001846065 ,Custom Coaches 'CB60 Combo',6001A,Jul-04,AB67TW,Admet,St. Agnes
1002,XBZ 951,Scania L94UA,YS2L6X20001846435,Custom Coaches 'CB60 Combo',6002A,Jul-04,AB67TW,Admet,St. Agnes
1003,XBZ 952,Scania L94UA,YS2L6X20001846442,Custom Coaches 'CB60 Combo',6003A,Jul-04,AB67TW,Admet,Port Adelaide
1004,XBZ 950,Scania L94UA,YS2L6X20001846874,Custom Coaches 'CB60 Combo',6009A,Aug-04,AB67TW,Admet,Port Adelaide
1005,XDD 078,Scania L94UA,YS2L6X20001848382,Custom Coaches 'CB60 Combo',6021A,Dec-04,AB67TW,Admet,Port Adelaide
1006,XDA 953,Scania L94UA,YS2L6X20001847544,Custom Coaches 'CB60 Combo',6015A,Oct-04,AB67TW,Admet,Port Adelaide
1007,XHF 701,Scania L94UA,YS2L6X20001849818,Custom Coaches 'CB60 Combo',6035A,Oct-05,AB67TW,Admet,Morphettville
1008,XHO 039,Scania L94UA,YS2L6X20001851339,Custom Coaches 'CB60 Combo',6044A,Nov-05,AB67TW,Admet,Port Adelaide
1009,XHT 160,Scania L94UA,YS2L6X20001851432,Custom Coaches 'CB60 Combo',6045A,Nov-05,AB67TW,Admet,Port Adelaide
1010,XGZ 669,Scania L94UA,YS2L6X20001851445,Custom Coaches 'CB60 Combo',6046A,Oct-05,AB67TW,Admet,Morphettville
1011,XHT 159,Scania L94UA,YS2L6X20001851508,Custom Coaches 'CB60 Combo',6047A,Dec-05,AB67TW,Admet,Morphettville
1012,XHL 952,Scania L94UA,YS2L6X20001851601,Custom Coaches 'CB60 Combo',6048A,Dec-05,AB67TW,Admet,Morphettville
1013,XHL 962,Scania L94UA,YS2L6X20001851644,Custom Coaches 'CB60 Combo',6049A,Dec-05,AB67TW,Admet,Morphettville
1014,XHL 963,Scania L94UA,YS2L6X20001851652,Custom Coaches 'CB60 Combo',6050A,Dec-05,AB67TW,Admet,Morphettville
1015,SB 78 BL,Scania K310UA,YS2K6X20001859167,Custom Coaches 'CB60 Evo II',6051A,Jul-08,AB58TW,Admet,Mile End
1020,XS 11BJ,Scania K320UB,YS2K4X20001911437,Bustech 'VST',,2019,B47DW,Admet v2,Mile End
1021,XS 29BJ,Scania K320UB,YS2K4X20001911433,Bustech 'VST',,2019,B47DW,Admet v2,Mile End
1022,XS 85BI,Scania K320UB,YS2K4X20001911456,Bustech 'VST',,2019,B47DW,Admet v2,Mile End
1023,XS 15BL,Scania K320UB,YS2K4X20001911451,Bustech 'VST',,2019,B47DW,Admet v2,Mile End
1024,XS 41BK,Scania K320UB,YS2K4X20001911441,Bustech 'VST',,2019,B47DW,Admet v2,Mile End
1025,XS 71BM,Scania K320UB,YS2K4X20001911433,Bustech 'VST',,2019,B47DW,Admet v2,Mile End
1026,XS 70BM,Scania K320UB,YS2K4X20001911752,Bustech 'VST',,2019,B47DW,Admet v2,Mile End
1027,XS 96BN,Scania K320UB,YS2K4X20001911802,Bustech 'VST',,2019,B47DW,Admet v2,Mile End
1028,XS 02BP,Scania K320UB,YS2K4X20001911744,Bustech 'VST',,2019,B47DW,Admet v2,Mile End
1029,XS 80BO,Scania K320UB,YS2K4X20001911793,Bustech 'VST',,2019,B47DW,Admet v2,Mile End
1030,XS 16BO,Scania K320UB,YS2K4X20001911767,Bustech 'VST',,2019,B47DW,Admet v2,Mile End
1031,XS 55BM,Scania K320UB,YS2K4X20001911812,Bustech 'VST',,2019,B47DW,Admet v2,Mile End
1032,XS 41BR,Scania K320UB,YS2K4X20001912213,Bustech 'VST',,2019,B47DW,Admet v2,Mile End
1033,XS 39BO,Scania K320UB,YS2K4X20001912248,Bustech 'VST',,2019,B47DW,Admet v2,Mile End
1034,XS 73BQ,Scania K320UB,YS2K4X20001912267,Bustech 'VST',,2019,B47DW,Admet v2,Mile End
1035,XS 88BQ,Scania K320UB,YS2K4X20001912234,Bustech 'VST',,2019,B47DW,Admet v2,Mile End
1036,XS 82BS,Scania K320UB,YS2K4X20001912225,Bustech 'VST',,2019,B47DW,Admet v2,Mile End
1037,XS 14BU,Scania K320UB,YS2K4X20001912208,Bustech 'VST',,2019,B47DW,Admet v2,Morphettville
1038,XS 34BT,Scania K320UB,YS2K4X20001912229,Bustech 'VST',,2019,B47DW,Admet v2,Morphettville
1039,XS 79BT,Scania K320UB,YS2K4X20001912698,Bustech 'VST',,2019,B47DW,Admet v2,Morphettville
1040,XS 12BT,Scania K320UB,YS2K4X20001912723,Bustech 'VST',,2019,B47DW,Admet v2,Morphettville
1041,XS 21BU,Scania K320UB,YS2K4X20001912755,Bustech 'VST',,2019,B47DW,Admet v2,Morphettville
1042,XS 39BV,Scania K320UB,YS2K4X20001912762,Bustech 'VST',,2019,B47DW,Admet v2,Morphettville
1043,XS 68BV,Scania K320UB,YS2K4X20001913060,Bustech 'VST',,2019,B47DW,Admet v2,Morphettville
1044,XS 09BX,Scania K320UB,YS2K4X20001913055,Bustech 'VST',,2019,B47DW,Admet v2,Morphettville
1045,XS 84BW,Scania K320UB,YS2K4X20001913108,Bustech 'VST',,2019,B47DW,Admet v2,Morphettville
1046,XS 88CK,Scania K320UB,YS2K4X20001911884,Bustech 'VST',20/511,Jan-20,B47DW,Admet New,Morphettville
1047,XS 22CL,Scania K320UB,YS2K4X20001914852,Bustech 'VST',20/512,Jan-20,B47DW,Admet New,Morphettville
1048,XS 16CL,Scania K320UB,YS2K4X20001914866,Bustech 'VST',20/513,Feb-20,B47DW,Admet New,Morphettville
1049,XS 45CN,Scania K320UB,YS2K4X20001914855,Bustech 'VST',20/514,Feb-20,B47DW,Admet New,Morphettville
1050,XS 70CN,Scania K320UB,YS2K4X20001915616,Bustech 'VST',,2020,B47DW,Admet New,Morphettville
1051,XS 00CN,Scania K320UB,YS2K4X20001915855,Bustech 'VST',,2020,B47DW,Admet New,Morphettville
1052,XS 10CN,Scania K320UB,YS2K4X20001915871,Bustech 'VST',,2020,B47DW,Admet New,Morphettville
1053,XS 30CS,Scania K320UB,YS2K4X20001915973,Bustech 'VST',,2020,B47DW,Admet New,Morphettville
1054,XS 31CP,Scania K320UB,YS2K4X20001916013,Bustech 'VST',,2020,B47DW,Admet New,Morphettville
1055,XS 31CS,Scania K320UB,YS2K4X20001915979,Bustech 'VST',,2020,B47DW,Admet New,Morphettville
1056,XS 92CR,Scania K320UB,YS2K4X20001915967,Bustech 'VST',,2020,B47DW,Admet New,Morphettville
1057,XS 84CR,Scania K320UB,YS2K4X20001916471,Bustech 'VST',,2020,B47DW,AOA,Morphettville
1058,XS 83CR,Scania K320UB,YS2K4X20001916461,Bustech 'VST',,2020,B47DW,Admet New,Morphettville
1059,XS 15CS,Scania K320UB,YS2K4X20001916455,Bustech 'VST',,2020,B47DW,Admet New,Morphettville
1060,XS 07CS,Scania K320UB,YS2K4X20001916470,Bustech 'VST',,2020,B47DW,Admet New,Morphettville
1061,XS 23CU,Scania K320UB,YS2K4X20001916458,Bustech 'VST',,2020,B47DW,Admet New,Morphettville
1062,XS 29CU,Scania K320UB,YS2K4X20001916570,Bustech 'VST',,2020,B47DW,Admet New,Morphettville
1063,XS 32CU,Scania K320UB,YS2K4X20001916568,Bustech 'VST',,2020,B47DW,Admet New,Morphettville
1064,XS 87CW,Scania K320UB,YS2K4X20001916602,Bustech 'VST',,2020,B47DW,Admet New,Morphettville
1065,XS 25CK,Scania K320UB,YS2K4X20001916683,Bustech 'VST',,2020,B47DW,Admet New,Morphettville
1066,XS 26CK,Scania K320UB,YS2K4X20001916679,Bustech 'VST',20/562,Jun-20,B47DW,Admet New,Morphettville
1067,XS 22CZ,Scania K320UB,YS2K4X20001916682,Bustech 'VST',,2020,B47DW,Admet New,Morphettville
1068,XS 93CY,Scania K320UB,YS2K4X20001916654,Bustech 'VST',,2020,B47DW,Admet New,Morphettville
1069,XS 05CW,Scania K320UB,YS2K4X20001916594,Bustech 'VST',,2020,B47DW,Admet New,Morphettville
1070,XS 04CW,Scania K320UB,YS2K4X20001916686,Bustech 'VST',,2020,B47DW,Admet New,Morphettville
1071,XS 95DA,Scania K320UB,YS2K4X20001916690,Bustech 'VST',,2020,B47DW,Admet New,Morphettville
1072,XS 35DA,Scania K320UB,YS2K4X20001916698,Bustech 'VST',,2020,B47DW,Admet New,Morphettville
1073,XS 36DA,Scania K320UB,YS2K4X20001916692,Bustech 'VST',,2020,B47DW,Admet New,Morphettville
1074,XS 04DB,Scania K320UB,YS2K4X20001917055,Bustech 'VST',,2020,B47DW,Admet New,Morphettville
1075,XS 93DA,Scania K320UB,YS2K4X20001917060,Bustech 'VST',,2020,B47DW,AOA,Morphettville
1076,XS 32DE,Scania K320UB,YS2K4X20001917730,Bustech 'VST',,2020,B47DW,Admet New,Morphettville
1077,XS 78DD,Scania K320UB,YS2K4X20001917949,Bustech 'VST',,2020,B47DW,Admet New,Morphettville
1078,XS 71DG,Scania K320UB,YS2K4X20001917978,Bustech 'VST',,2020,B47DW,Admet New,Morphettville
1079,XS 84DG,Scania K320UB,YS2K4X20001918400,Bustech 'VST',,2020,B43DW,Admet New,Morphettville
1080,XS 38DH,Scania K320UB,YS2K4X20001918388,BusTech (SA) 'VST',,2020,B43DW,Admet New,Morphettville
1081,XS 82DG,Scania K320UB,YS2K4X20001918420,BusTech (SA) 'VST',,2020,B43DW,Admet New,Morphettville
1082,XS 83DG,Scania K320UB,YS2K4X20001918426,BusTech (SA) 'VST',,2020,B43DW,Admet New,Morphettville
1083,XS 42DK,Scania K320UB,YS2K4X20001918367,BusTech (SA) 'VST',,2020,B43DW,Admet New,Morphettville
1084,XS 43DK,Scania K320UB,YS2K4X20001918541,BusTech (SA) 'VST',,2020,B43DW,Admet New,Morphettville
1085,XS 95DL,Scania K320UB,YS2K4X20001918547,BusTech (SA) 'VST',,2020,B43DW,Admet New,Morphettville
1086,XS 65DL,Scania K320UB,YS2K4X20001918634,BusTech (SA) 'VST',,2020,B43DW,Admet New,Morphettville
1087,XS 94DL,Scania K320UB,YS2K4X20001918717,BusTech (SA) 'VST',,2020,B43DW,Admet New,Morphettville
1088,XS 00DK,Scania K320UB,YS2K4X20001918649,BusTech (SA) 'VST',,2020,B43DW,Admet New,Morphettville
1089,XS 47DN,Scania K320UB,YS2K4X20001918864,BusTech (SA) 'VST',,2020,B43DW,Admet New,Morphettville
1090,XS 46DN,Scania K320UB,YS2K4X20001918859,BusTech (SA) 'VST',,2020,B43DW,Admet New,Morphettville
1091,XS 73DM,Scania K320UB,YS2K4X20001918884,BusTech (SA) 'VST',,2020,B43DW,Admet New,Morphettville
1092,XS 93DM,Scania K320UB,YS2K4X20001918866,BusTech (SA) 'VST',20/617,Dec-20,B43DW,Admet New,Morphettville
1093,XS 84DM,Scania K320UB,YS2K4X20001919011,BusTech (SA) 'VST',,2021,B43DW,Admet New,Morphettville
1094,XS 83DM,Scania K320UB,YS2K4X20001919013,BusTech (SA) 'VST',,2021,B43DW,Admet New,Morphettville
1095,XS 14DS,Scania K320UB,YS2K4X2000191,BusTech (SA) 'VST',,2021,B43DW,Admet New,Morphettville
1096,XS 35DW,Scania K320UB,YS2K4X2000191,BusTech (SA) 'VST',,2021,B43DW,Admet New,Morphettville
1097,XS 34DW,Scania K320UB,YS2K4X2000191,BusTech (SA) 'VST',,2021,B43DW,Admet New,Morphettville
1098,XS 13DU,Scania K320UB,YS2K4X20001919097,BusTech (SA) 'VST',,2021,B43DW,Admet New,Morphettville
1099,XS 12DU,Scania K320UB,YS2K4X20001919599,BusTech (SA) 'VST',,2021,B43DW,Admet New,Morphettville
1101,SB 07 DC,Scania K320UA O-Bahn,YS2K6X20001865048,Custom Coaches 'CB60 Evo II',PTA-001,Dec-09,AB59TW,Admet,Morphettville
1102,SB 91 DI,Scania K320UA O-Bahn,YS2K6X20001865920,Custom Coaches 'CB60 Evo II',PTA-002,Feb-10,AB59TW,Admet,Morphettville
1103,SB 92 DI,Scania K320UA O-Bahn,YS2K6X20001865917,Custom Coaches 'CB60 Evo II',PTA-003,Feb-10,AB59TW,Admet,Morphettville
1104,SB 95 DI,Scania K320UA O-Bahn,YS2K6X20001865929,Custom Coaches 'CB60 Evo II',PTA-004,Feb-10,AB59TW,Admet,Morphettville
1105,SB 85 DI,Scania K320UA O-Bahn,YS2K6X20001865925,Custom Coaches 'CB60 Evo II',PTA-005,Mar-10,AB59TW,Admet,Morphettville
1106,SB 86 DI,Scania K320UA O-Bahn,YS2K6X20001866688,Custom Coaches 'CB60 Evo II',PTA-006,Mar-10,AB59TW,Admet,Morphettville
1107,SB 22 DM,Scania K320UA O-Bahn,YS2K6X20001866716,Custom Coaches 'CB60 Evo II',,2010,AB59TW,Admet,Morphettville
1108,SB 21 DM,Scania K320UA O-Bahn,YS2K6X20001866733,Custom Coaches 'CB60 Evo II',,2010,AB59TW,Admet,Edinburgh North
1109,SB 81 DK,Scania K320UA O-Bahn,YS2K6X20001866708,Custom Coaches 'CB60 Evo II',,2010,AB59TW,Admet,Edinburgh North
1110,SB 60 DL,Scania K320UA O-Bahn,YS2K6X20001866708,Custom Coaches 'CB60 Evo II',,2010,AB59TW,Admet,Edinburgh North
1111,SB 58 DL,Scania K320UA O-Bahn,YS2K6X20001866698,Custom Coaches 'CB60 Evo II',,2010,AB59TW,Admet,Edinburgh North
1112,SB 69 DM,Scania K320UA O-Bahn,YS2K6X20001866722,Custom Coaches 'CB60 Evo II',,2010,AB59TW,Admet,Edinburgh North
1113,SB 70 DM,Scania K320UA O-Bahn,YS2K6X20001866693,Custom Coaches 'CB60 Evo II',PTA-013,Apr-10,AB59TW,Admet,Edinburgh North
1114,SB 71 DM,Scania K320UA O-Bahn,YS2K6X20001866795,Custom Coaches 'CB60 Evo II',PTA-014,May-10,AB59TW,Admet,Edinburgh North
1115,SB 50 DN,Scania K320UA O-Bahn,YS2K6X20001866813,Custom Coaches 'CB60 Evo II',PTA-015,May-10,AB59TW,Admet,Edinburgh North
1116,SB 56 DM,Scania K320UA O-Bahn,YS2K6X20001866849,Custom Coaches 'CB60 Evo II',PTA-016,May-10,AB59TW,Admet,Edinburgh North
1117,SB 57 DM,Scania K320UA O-Bahn,YS2K6X20001866845,Custom Coaches 'CB60 Evo II',PTA-017,May-10,AB59TW,Admet,Edinburgh North
1118,SB 67 DN,Scania K320UA O-Bahn,YS2K6X20001866830,Custom Coaches 'CB60 Evo II',PTA-018,May-10,AB59TW,Admet,Morphettville
1119,SB 68 DN,Scania K320UA O-Bahn,YS2K6X20001866979,Custom Coaches 'CB60 Evo II',PTA-019,May-10,AB59TW,Admet,Morphettville
1121,SB 90 DN,Scania K320UA O-Bahn,YS2K6X20001866981,Custom Coaches 'CB60 Evo II',PTA-021,May-10,AB59TW,Admet,Port Adelaide
1122,SB 04 DO,Scania K320UA O-Bahn,YS2K6X20001867066,Custom Coaches 'CB60 Evo II',PTA-022,May-10,AB59TW,Admet,Port Adelaide
1123,SB 91 DO,Scania K320UA O-Bahn,YS2K6X20001867041,Custom Coaches 'CB60 Evo II',PTA-023,Jun-10,AB59TW,Admet,Edinburgh North
1124,SB 92 DO,Scania K320UA O-Bahn,YS2K6X20001867047,Custom Coaches 'CB60 Evo II',PTA-024,Jun-10,AB59TW,Admet,St. Agnes
1125,SB 50 DP,Scania K320UA O-Bahn,YS2K6X20001867070,Custom Coaches 'CB60 Evo II',,2010,AB59TW,Admet,St. Agnes
1126,SB 96 DO,Scania K320UA O-Bahn,YS2K6X20001867372,Custom Coaches 'CB60 Evo II',PTA-026,Jun-10,AB59TW,Admet,St. Agnes
1127,SB 75 DP,Scania K320UA O-Bahn,YS2K6X20001867273,Custom Coaches 'CB60 Evo II',PTA-027,Jun-10,AB59TW,Admet,St. Agnes
1128,SB 76 DP,Scania K320UA O-Bahn,YS2K6X20001867389,Custom Coaches 'CB60 Evo II',PTA-028,Jun-10,AB59TW,Admet,St. Agnes
1129,SB 12 DQ,Scania K320UA O-Bahn,YS2K6X20001867379,Custom Coaches 'CB60 Evo II',PTA-029,Jun-10,AB59TW,Admet,St. Agnes
1130,SB 13 DQ,Scania K320UA O-Bahn,YS2K6X20001867269,Custom Coaches 'CB60 Evo II',PTA-030,Jun-10,AB59TW,Admet,St. Agnes
1131,SB 34 DQ,Scania K320UA O-Bahn,YS2K6X20001867503,Custom Coaches 'CB60 Evo II',PTA-031,Jun-10,AB59TW,Admet,St. Agnes
1132,SB 74 DQ,Scania K320UA O-Bahn,YS2K6X20001867692,Custom Coaches 'CB60 Evo II',PTA-032,Jun-10,AB59TW,Admet,St. Agnes
1133,SB 73 DQ,Scania K320UA O-Bahn,YS2K6X20001867793,Custom Coaches 'CB60 Evo II',PTA-033,Jun-10,AB59TW,Admet,St. Agnes
1134,SB 72 DQ,Scania K320UA O-Bahn,YS2K6X20001867785,Custom Coaches 'CB60 Evo II',PTA-034,Jun-10,AB59TW,Admet,St. Agnes
1135,SB 71 DQ,Scania K320UA O-Bahn,YS2K6X20001867706,Custom Coaches 'CB60 Evo II',PTA-035,Jun-10,AB59TW,Admet,St. Agnes
1136,SB 54 DR,Scania K320UA O-Bahn,YS2K6X20001867987,Custom Coaches 'CB60 Evo II',PTA-036,Jun-10,AB59TW,Admet,St. Agnes
1137,SB 87 DR,Scania K320UA O-Bahn,YS2K6X20001868197,Custom Coaches 'CB60 Evo II',PTA-037,Jun-10,AB59TW,Admet,St. Agnes
1138,SB 88 DR,Scania K320UA O-Bahn,YS2K6X20001868278,Custom Coaches 'CB60 Evo II',PTA-038,Jun-10,AB59TW,Admet,St. Agnes
1139,SB 97 DR,Scania K320UA O-Bahn,YS2K6X20001868284,Custom Coaches 'CB60 Evo II',PTA-039,Jun-10,AB59TW,Admet,St. Agnes
1140,SB 96 DR,Scania K320UA O-Bahn,YS2K6X20001868377,Custom Coaches 'CB60 Evo II',PTA-040,2010,AB59TW,Admet,St. Agnes
1141,SB 31 DU,Scania K320UA O-Bahn,YS2K6X20001868461,Custom Coaches 'CB60 Evo II',PTA-041,Jul-10,AB59TW,Admet,St. Agnes
1142,SB 29 DU,Scania K320UA O-Bahn,YS2K6X20001868019,Custom Coaches 'CB60 Evo II',PTA-042,Jul-10,AB59TW,Admet,St. Agnes
1143,SB 30 DU,Scania K320UA O-Bahn,YS2K6X20001868551,Custom Coaches 'CB60 Evo II',PTA-043,Jul-10,AB59TW,Admet,St. Agnes
1144,SB 70 DU,Scania K320UA O-Bahn,YS2K6X20001868765,Custom Coaches 'CB60 Evo II',PTA-044,Aug-10,AB59TW,Admet,St. Agnes
1145,SB 71 DU,Scania K320UA O-Bahn,YS2K6X20001868773,Custom Coaches 'CB60 Evo II',PTA-045,Aug-10,AB59TW,Admet,St. Agnes
1146,SB 82 DS,Scania K320UA O-Bahn,YS2K6X20001868781,Custom Coaches 'CB60 Evo II',,2010,AB59TW,Admet,St. Agnes
1147,SB 81 DS,Scania K320UA O-Bahn,YS2K6X20001868864,Custom Coaches 'CB60 Evo II',PTA-047,Aug-10,AB59TW,Admet,St. Agnes
1148,SB 88 DU,Scania K320UA O-Bahn,YS2K6X20001868860,Custom Coaches 'CB60 Evo II',PTA-048,Aug-10,AB59TW,Admet,St. Agnes
1149,SB 87 DU,Scania K320UA O-Bahn,YS2K6X20001868997,Custom Coaches 'CB60 Evo II',,2010,AB59TW,Admet,St. Agnes
1150,SB 72 DV,Scania K320UA O-Bahn,YS2K6X20001869241,Custom Coaches 'CB60 Evo II',,2010,AB59TW,Admet,St. Agnes
1151,SB 17 DY,Scania K320UA O-Bahn,YS2K6X20001869621,Custom Coaches 'CB60 Evo II',PTA-051,Sep-10,AB59TW,Admet,St. Agnes
1152,SB 18 DY,Scania K320UA O-Bahn,YS2K6X20001869361,Custom Coaches 'CB60 Evo II',PTA-052,Sep-10,AB59TW,Admet,St. Agnes
1153,SB 73 DW,Scania K320UA O-Bahn,YS2K6X20001869380,Custom Coaches 'CB60 Evo II',,2010,AB59TW,Admet,St. Agnes
1154,SB 72 DW,Scania K320UA O-Bahn,YS2K6X20001869378,Custom Coaches 'CB60 Evo II',PTA-054,Sep-10,AB59TW,Admet,St. Agnes
1155,SB 70 DW,Scania K320UA O-Bahn,YS2K6X20001869386,Custom Coaches 'CB60 Evo II',PTA-055,Sep-10,AB59TW,Admet,St. Agnes
1156,SB 39 DX,Scania K320UA O-Bahn,YS2K6X20001869660,Custom Coaches 'CB60 Evo II',PTA-056,Sep-10,AB59TW,Admet,St. Agnes
1157,SB 40 DX,Scania K320UA O-Bahn,YS2K6X20001869682,Custom Coaches 'CB60 Evo II',PTA-057,Sep-10,AB59TW,Admet,St. Agnes
1158,SB 57 DX,Scania K320UA O-Bahn,YS2K6X20001869713,Custom Coaches 'CB60 Evo II',,2010,AB59TW,Admet,St. Agnes
1159,SB 00 DZ,Scania K320UA O-Bahn,YS2K6X20001869750,Custom Coaches 'CB60 Evo II',PTA-059,Oct-10,AB59TW,Admet,St. Agnes
1160,SB 71 DY,Scania K320UA O-Bahn,YS2K6X20001869724,Custom Coaches 'CB60 Evo II',PTA-060,Oct-10,AB59TW,Admet,St. Agnes
1162,SB 04 EB,Scania K320UA O-Bahn,YS2K6X20001869753,Custom Coaches 'CB60 Evo II',,2010,AB59TW,Admet,St. Agnes
1163,SB 88 EA,Scania K320UA O-Bahn,YS2K6X20001869723,Custom Coaches 'CB60 Evo II',PTA-063,Oct-10,AB59TW,Admet,St. Agnes
1164,SB 99 EA,Scania K320UA O-Bahn,YS2K6X20001869872,Custom Coaches 'CB60 Evo II',,2010,AB59TW,Admet,St. Agnes
1165,SB 98 EA,Scania K320UA O-Bahn,YS2K6X20001869828,Custom Coaches 'CB60 Evo II',PTA-065,Nov-10,AB59TW,Admet,St. Agnes
1166,SB 51 EE,Scania K320UA O-Bahn,YS2K6X20001869830,Custom Coaches 'CB60 Evo II',PTA-066,Nov-10,AB59TW,Admet,St. Agnes
1170,SB 07 EU,Scania K320UA,YS2K6X20001872505,Custom 'CB80',945001,Jun-11,AB65TW,Admet v2,Mile End
1171,SB 43 ES,Scania K320UA,YS2K6X20001873770,Custom 'CB80',945003,Jul-11,AB65TW,Admet v2,Edinburgh North
1172,SB 07 EV,Scania K320UA,YS2K6X20001873773,Custom 'CB80',945004,Jul-11,AB65TW,Admet v2,Mile End
1173,SB 90 EV,Scania K320UA,YS2K6X20001873857,Custom 'CB80',945005,Aug-11,AB65TW,Admet v2,Newton
1174,SB 53 EY,Scania K320UA,YS2K6X20001874038,Custom 'CB80',945006,Aug-11,AB65TW,Admet v2,Newton
1175,SB 54 EY,Scania K320UA,YS2K6X20001874064,Custom 'CB80',945007,2011,AB65TW,Admet v2,Newton
1176,SB 06 FC,Scania K320UA,YS2K6X20001874073,Custom 'CB80',945008,Sep-11,AB65TW,Admet v2,Newton
1177,SB 15 FD,Scania K320UA,YS2K6X20001874902,Custom 'CB80',945013,2011,AB65TW,Admet v2,Newton
1178,SB 54 FG,Scania K320UA,YS2K4X20001884921,Custom 'CB80',,Nov-11,AB65TW,Admet v2,Newton
1179,SB 62 FG,Scania K320UA,YS2K6X20001875364,Custom 'CB80',945015,Nov-11,AB65TW,Admet v2,Newton
1180,SB 54 FH,Scania K320UA,YS2K4X20001885370,Custom 'CB80',,2012,AB65TW,Admet v2,Newton
1181,SB 53 FH,Scania K320UA,YS2K6X20001875376,Custom 'CB80',945017,2012,AB65TW,Admet v2,Newton
1182,SB 12 HG,Scania K360UA O-Bahn,YS2K6X20001884783,Custom 'CB80',945051,2013,AB65TW,Admet v2,St. Agnes
1183,XS 84BI,Scania K360UA O-Bahn,YS2K4X20001907098,Custom Bus 'CB80',,2019,,Admet v2,Morphettville
1184,XS 90BW,Scania K360UA,YS2K4X20001902621,Custom Bus 'CB80',,2019,,Admet v2,Mile End
1185,XS 89BW,Scania K360UA,YS2K4X20001902610,Custom Bus 'CB80',,2019,949003,Admet v2,Mile End
1187,XS 34AC,Scania K360UA,YS2K4X20001902635,Custom Bus 'CB80',,2019,,Admet v2,Mile End
1188,XS 73CI,Scania K360UA,YS2K4X20001902830,Custom Bus 'CB80',,2019,,Admet v2,Mile End
1189,XS 66CN,Scania K360UA,2856,Custom Bus 'CB80',,2020,,Admet v2,Mile End
1190,XS 14FT,Scania K360UA O-Bahn,YS2K6X20001919152,BusTech (SA) 'VST-A',,2021,AB58TW,Admet new,Morphettville
1191,XS 08GA,Scania K360UA O-Bahn,YS2K6X20001919176,BusTech (SA) 'VST-A',,2021,AB58TW,Admet new,Morphettville
1192,XS 08GH,Scania K360UA,YS2K6X20001919416,BusTech (SA) 'VST-A',,2023,AB58TW,Admet new,Morphettville
1193,XS 71HA,Scania K360UA,YS2K6X20001910326,BusTech (SA) 'VST-A',,2023,AB58TW,Admet new,Morphettville
1194,XS 71HA,Scania K360UA,YS2K6X20001910326,BusTech (SA) 'VST-A',,2023,AB58TW,Admet new,Morphettville
1195,XS 16HF,Scania K360UA,YS2K6X20001910335,BusTech (SA) 'VST-A',,2023,AB58TW,Admet new,Morphettville
1196,XS 28HU,Scania K360UA,YS2K6X20001911027,BusTech (SA) 'VST-A',,2023,AB58TW,Admet new,Morphettville
1200,XFG 466,Scania L94UB,YS2L4X20001847878,Custom Coaches 'CB60A',7129,Apr-05,B41DW,Admet,Newton
1201,XIH 041,Scania L94UB,YS2L4X20001852218,Custom Coaches 'CB60A',7003A,Feb-06,B41DW,Admet,Newton
1202,XIP 972,Scania L94UB,YS2L4X20001852130,Custom Coaches 'CB60A',7002A,Feb-06,B41DW,Admet,Edinburgh North
1203,XIX 579,Scania L94UB,YS2L4X20001852918,Custom Coaches 'CB60A',7018A,Apr-06,B41DW,Admet,Edinburgh North
1204,XJA 662,Scania L94UB,YS2L4X20001852900,Custom Coaches 'CB60A',7019A,Apr-06,B41DW,Admet,Edinburgh North
1205,XJF 402,Scania L94UB,YS2L4X20001852930,Custom Coaches 'CB60A',7020A,May-06,B41DW,Admet,Edinburgh North
1206,XJL 116,Scania L94UB,YS2L4X20001852938,Custom Coaches 'CB60A',7021A,May-06,B41DW,Admet,Edinburgh North
1207,XJF 214,Scania L94UB,YS2L4X20001852906,Custom Coaches 'CB60A',7022A,Apr-06,B41DW,Admet,Edinburgh North
1208,XJF 213,Scania L94UB,YS2L4X20001852908,Custom Coaches 'CB60A',7023A,May-06,B41DW,Admet,Edinburgh North
1209,XJF 212,Scania L94UB,YS2L4X20001852910,Custom Coaches 'CB60A',7024A,May-06,B41DW,Admet,St. Agnes
1210,XJP 540,Scania L94UB,YS2L4X20001852924,Custom Coaches 'CB60A',7025A,May-06,B41DW,Admet,Edinburgh North
1211,XJP 539,Scania L94UB,YS2L4X20001852942,Custom Coaches 'CB60A',7026A,May-06,B41DW,Admet,Edinburgh North
1212,XJW 157,Scania L94UB,YS2L4X20001852934,Custom Coaches 'CB60A',7027A,Jun-06,B41DW,Admet,Edinburgh North
1213,XJT 647,Scania L94UB,YS2L4X20001853794,Custom Coaches 'CB60A',7028A,Jun-06,B41DW,Admet,Edinburgh North
1214,XJT 678,Scania L94UB,YS2L4X20001853810,Custom Coaches 'CB60A',7029A,Jun-06,B41DW,Admet,Edinburgh North
1215,XJP 465,Scania L94UB,YS2L4X20001853916,Custom Coaches 'CB60A',7030A,Jun-06,B41DW,Admet,Edinburgh North
1216,XJP 494,Scania L94UB,YS2L4X20001853930 ,Custom Coaches 'CB60A',7031A,Jun-06,B41DW,Admet,Edinburgh North
1217,XJT 527,Scania L94UB,YS2L4X20001854055,Custom Coaches 'CB60A',7032A,Jun-06,B41DW,Admet,Edinburgh North
1218,XJT 528,Scania L94UB,YS2L4X20001854059,Custom Coaches 'CB60A',7033A,Jun-06,B41DW,Admet,Edinburgh North
1219,XJW 268,Scania L94UB,YS2L4X20001854083,Custom Coaches 'CB60A',7034A,Jul-06,B41DW,Admet,Edinburgh North
1220,XKB 986,Scania L94UB,YS2L4X20001854083,Custom Coaches 'CB60A',7035A,Jul-06,B41DW,Admet,Edinburgh North
1221,XKC 157,Scania L94UB,YS2L4X20001854294,Custom Coaches 'CB60A',7036A,Jul-06,B41DW,Admet,Edinburgh North
1222,XKL 819,Scania L94UB,YS2L4X20001854304,Custom Coaches 'CB60A',7037A,Aug-06,B41DW,Admet,Edinburgh North
1223,XKK 392,Scania L94UB,YS2L4X20001854495,Custom Coaches 'CB60A',7038A,Aug-06,B41DW,Admet,Edinburgh North
1224,XKN 619,Scania L94UB,YS2L4X20001854489,Custom Coaches 'CB60A',7039A,Aug-06,B41DW,Admet,Edinburgh North
1225,XKS 157,Scania L94UB,YS2L4X20001854703,Custom Coaches 'CB60A',7040A,Sep-06,B41DW,Admet,Newton
1226,XKN 905,Scania L94UB,YS2L4X20001854707,Custom Coaches 'CB60A',7041A,Sep-06,B41DW,Admet,Newton
1227,XKY 205,Scania L94UB,YS2L4X20001854804,Custom Coaches 'CB60A',7042A,Sep-06,B41DW,Admet,Newton
1228,XKY 370,Scania L94UB,YS2L4X20001854811,Custom Coaches 'CB60A',7043A,Oct-06,B41DW,Admet,St. Agnes
1229,XKY 368,Scania L94UB,YS2L4X20001854956,Custom Coaches 'CB60A',7044A,Oct-06,B41DW,Admet,St. Agnes
1230,XLA 797,Scania L94UB,YS2L4X20001854962,Custom Coaches 'CB60A',7045A,Oct-06,B41DW,Admet,St. Agnes
1231,XLE 654,Scania L94UB,YS2L4X20001855145,Custom Coaches 'CB60A',7046A,Oct-06,B41DW,Admet,St. Agnes
1232,XLE 656,Scania L94UB,YS2L4X20001855110,Custom Coaches 'CB60A',7047A,Oct-06,B41DW,Admet,St. Agnes
1233,XMT 032,Scania L94UB,YS2L4X20001855624,Custom Coaches 'CB60A',7063A,Mar-07,B41DW,Admet,St. Agnes
1234,XMN 186,Scania L94UB,YS2L4X20001855635,Custom Coaches 'CB60A',7064A,Mar-07,B41DW,Admet,St. Agnes
1235,XMV 275,Scania L94UB,YS2L4X20001855707,Custom Coaches 'CB60A',7065A,Mar-07,B41DW,Admet,St. Agnes
1236,XMT 221,Scania L94UB,YS2L4X20001855716,Custom Coaches 'CB60A',7066A,Mar-07,B41DW,Admet,St. Agnes
1237,XMT 220,Scania L94UB,YS2L4X20001855759,Custom Coaches 'CB60A',7067A,Mar-07,B41DW,Admet,Newton
1238,XMY 214,Scania L94UB,YS2L4X20001855763,Custom Coaches 'CB60A',7068A,Mar-07,B41DW,Admet,Newton
1239,XNE 511,Scania L94UB,YS2L4X20001855907,Custom Coaches 'CB60A',7069A,Apr-07,B41DW,Admet,Newton
1240,XNM 412,Scania L94UB,YS2L4X20001855865,Custom Coaches 'CB60A',7070A,May-07,B41DW,AOA,Newton
1241,XNM 342,Scania L94UB,YS2L4X20001855898,Custom Coaches 'CB60A',7071A,May-07,B41DW,Admet,St. Agnes
1242,XNO 406,Scania L94UB,YS2L4X20001855909,Custom Coaches 'CB60A',7072A,Jun-07,B41DW,Admet,Newton
1243,XNR 265,Scania L94UB,YS2L4X20001855962,Custom Coaches 'CB60A',7073A,Jun-07,B41DW,Admet,Newton
1244,XNV 184,Scania L94UB,YS2L4X20001855960,Custom Coaches 'CB60A',7074A,Jun-07,B41DW,Admet,Newton
1245,XNW 833,Scania L94UB,YS2L4X20001856069,Custom Coaches 'CB60A',7075A,Jun-07,B41DW,Admet,Newton
1246,XNX 068,Scania L94UB,YS2L4x20001856067,Custom Coaches 'CB60A',7076A,Jun-07,B41DW,Admet,Edinburgh North
1247,XOA 853,Scania L94UB,YS2L4X20001856077,Custom Coaches 'CB60A',7077A,Jun-07,B41DW,Admet,Port Adelaide
1248,XNX 114,Scania L94UB,YS2L4X20001856080,Custom Coaches 'CB60A',7078A,Jun-07,B41DW,Admet,Port Adelaide
1249,XNX 165,Scania L94UB,YS2L4x20001856196,Custom Coaches 'CB60A',7079A,Jun-07,B41DW,AOA,Port Adelaide
1250,XOF 476,Scania L94UB,YS2L4X20001856972,Custom Coaches 'CB60A',7080A,Jul-07,B41DW,Admet,Port Adelaide
1251,XOK 111,Scania L94UB,YS2L4X20001856976,Custom Coaches 'CB60A',7081A,Aug-07,B41DW,AOA,Port Adelaide
1252,XOM 050,Scania L94UB,YS2L4X20001856986,Custom Coaches 'CB60A',7082A,Aug-07,B41DW,Admet,Port Adelaide
1253,XOO 449,Scania L94UB,YS2L4X20001857048,Custom Coaches 'CB60A',7083A,Aug-07,B41DW,Admet,Newton
1254,XOM 023,Scania L94UB,YS2L4X20001857046,Custom Coaches 'CB60A',7084A,Aug-07,B41DW,Admet,Newton
1255,XOS 874,Scania L94UB,YS2L4X20001857044,Custom Coaches 'CB60A',7085,Aug-07,B41DW,Admet,Newton
1256,SB 80 AA,Scania L94UB,YS2L4X20001857054,Custom Coaches 'CB60A',7086A,May-07,B41DW,Admet,Newton
1257,SB 76 AG,Scania L94UB,YS2L4X20001857071,Custom Coaches 'CB60A',7087A,Aug-07,B41DW,Admet,Newton
1258,SB 89 AG,Scania L94UB,YS2L4x20001857076,Custom Coaches 'CB60A',7088A,Aug-07,B41DW,Admet,Newton
1259,SB 33 AL,Scania L94UB,YS2L4X20001857093,Custom Coaches 'CB60A',7089A,Aug-07,B41DW,Admet,Newton
1260,SB 34 AL,Scania L94UB,YS2L4X20001857161,Custom Coaches 'CB60A',7090A,Sep-07,B41DW,Admet,Newton
1261,SB 21 AN,Scania L94UB,YS2L4X20001857168,Custom Coaches 'CB60A',7091A,Oct-07,B41DW,Admet,Newton
1262,SB 49 AO,Scania L94UB,YS2L4X20001857210,Custom Coaches 'CB60A',7092A,Oct-07,B41DW,Admet,Port Adelaide
1263,SB 31 AO,Scania L94UB,YS2L4X20001857235,Custom Coaches 'CB60A',7093A,Oct-07,B41DW,Admet,Port Adelaide
1264,SB 85 AO,Scania L94UB,YS2L4X20001857248,Custom Coaches 'CB60A',7094A,Oct-07,B41DW,Admet,Port Adelaide
1265,SB 15 AP,Scania L94UB,YS2L4X20001857287,Custom Coaches 'CB60A',7095A,Oct-07,B41DW,AOA,Port Adelaide
1266,SB 29 AQ,Scania L94UB,YS2L4X20001857297,Custom Coaches 'CB60A',7096A,Oct-07,B41DW,Admet,Port Adelaide
1267,SB 46 AQ,Scania L94UB,YS2L4X20001857305,Custom Coaches 'CB60A',7097A,Oct-07,B41DW,Admet,Port Adelaide
1268,SB 10 AR,Scania L94UB,YS2L4X20001857373,Custom Coaches 'CB60A',7098A,Nov-07,B41DW,Admet,Port Adelaide
1270,SB 93 AT,Scania K230UB O-Bahn,YS2K4x20001858177,Custom Coaches 'CB60 Evo II',8001A,Feb-08,B41DW,Admet,Morphettville
1271,SB 33 BA,Scania K230UB O-Bahn,YS2K4X20001858181,Custom Coaches 'CB60 Evo II',8003A,Jan-08,B41DW,Admet,Morphettville
1272,SB 24 AD,Scania K230UB O-Bahn,YS2K4X20001858187,Custom Coaches 'CB60 Evo II',8004A,Jan-08,B41DW,Admet,Morphettville
1273,SB 32 AX,Scania K230UB O-Bahn,YS2K4X20001858179,Custom Coaches 'CB60 Evo II',,2008,B41DW,Admet,Morphettville
1274,SB 40 AX,Scania K230UB O-Bahn,YS2K4X20001858402,Custom Coaches 'CB60 Evo II',8005A,Jan-08,B41DW,Admet,Morphettville
1275,SB 46 AX,Scania K230UB O-Bahn,YS2K4X20001858407,Custom Coaches 'CB60 Evo II',8006A,Feb-08,B41DW,Admet,Edinburgh North
1276,SB 95 BA,Scania K230UB O-Bahn,YS2K4X20001858390,Custom Coaches 'CB60 Evo II',8007A,Feb-08,B41DW,Admet,St. Agnes
1277,SB 25 BD,Scania K230UB O-Bahn,YS2K4X20001858506,Custom Coaches 'CB60 Evo II',8008A,Mar-08,B41DW,Admet,St. Agnes
1278,SB 45 BD,Scania K230UB O-Bahn,YS2K4X20001858530,Custom Coaches 'CB60 Evo II',8009A,Apr-08,B41DW,Admet,St. Agnes
1279,SB 37 BF,Scania K230UB O-Bahn,YS2K4X20001858494,Custom Coaches 'CB60 Evo II',8010A,Mar-08,B41DW,Admet,St. Agnes
1280,SB 79 BD,Scania K230UB O-Bahn,YS2K4X20001858498,Custom Coaches 'CB60 Evo II',8011A,Mar-08,B41DW,Admet,St. Agnes
1281,SB 99 BD,Scania K230UB O-Bahn,YS2K4X20001858524,Custom Coaches 'CB60 Evo II',8012A,Apr-08,B41DW,Admet,St. Agnes
1282,SB 89 BH,Scania K230UB O-Bahn,YS2K4X20001858706,Custom Coaches 'CB60 Evo II',8013A,Apr-08,B41DW,Admet,St. Agnes
1283,SB 12 BH,Scania K230UB O-Bahn,YS2K4X20001858703,Custom Coaches 'CB60 Evo II',8014A,May-08,B41DW,Admet,St. Agnes
1284,SB 75 BJ,Scania K230UB O-Bahn,YS2K4X20001858710,Custom Coaches 'CB60 Evo II',8015A,May-08,B41DW,Admet,St. Agnes
1285,SB 25 BK,Scania K230UB O-Bahn,YS2K4X20001859803,Custom Coaches 'CB60 Evo II',8016A,May-08,B41DW,Admet,St. Agnes
1286,SB 82 BJ,Scania K230UB O-Bahn,YS2K4X20001859813,Custom Coaches 'CB60 Evo II',8017A,May-08,B41DW,Admet,St. Agnes
1287,SB 98 BJ,Scania K230UB O-Bahn,YS2K4X20001860043,Custom Coaches 'CB60 Evo II',8018,Jun-08,B41DW,Admet,St. Agnes
1288,SB 18 BK,Scania K230UB O-Bahn,YS2K4X20001860045,Custom Coaches 'CB60 Evo II',8019A,Jun-08,B41DW,Admet,St. Agnes
1289,SB 19 BL,Scania K230UB O-Bahn,YS2K4X20001860040,Custom Coaches 'CB60 Evo II',8020A,Jun-08,B41DW,Admet,St. Agnes
1301,SB 08 EX,Volvo B10BLE,YV3R4A511XA004762,Volgren 'CR222L',VG1109,Jun-99,B41DW,Admet,Edinburgh North
1302,SB 46 ED,Volvo B10BLE,YV3R4A513XA004763,Volgren 'CR222L',VG1110,Jun-99,B43DW,Admet,Edinburgh North
1304,SB 27 ED,Volvo B10BLE,YV3R4A518XA004693,Volgren 'CR222L',VG1144,Aug-99,B43DW,Admet,Edinburgh North
1306,SB 09 EX,Volvo B10BLE,YV3R4A516XA004692,Volgren 'CR222L',VG1143,Aug-99,B41DW,Admet,Morphettville
1307,SB 96 GG,Iveco Metro C260,6F2BARB00ADT00608,Custom 'CB80',11-018,Jun-11,B51DW,AOA,Mile End
1308,SB 97 GG,Iveco Metro C260,6F2BARB00ADT00590,Custom 'CB80',11-013,Jun-11,B51DW,AOA,Mile End
1309,SB 89 GG,Iveco Metro C260,6F2BARB00BDU00286,Custom 'CB80',12-030,Dec-12,B51DW,Admet v2,Mile End
1310,SB 87 GG,Iveco Metro C260,6F2BARB00BDU00380,Custom 'CB80',12-031,Dec-12,B51FW,Admet v2,Mile End
1311,SB 86 GG,Iveco Metro C260,6F2BARB00ADT00601,Custom 'CB80',11-004,Aug-11,B53FW,Admet v2,Mile End
1318,XCL 821,MAN 18.260,WMAA69ZZZ2H002284,Custom Coaches 'CB60',02/083,Nov-02,B47DW,Admet,Port Adelaide
1319,XCY 762,Scania L94UB CNG,YS2L4X20001847040,Custom Coaches 'CB60A',7001A,Aug-04,?,AOA,Mile End
1320,XMU 144,Mercedes-Benz O405NH,WEB61241821098728,Custom Coaches 'CB60',01-205,Mar-02,DP49FW,Admet,Morphettville
1321,XMJ 639,Mercedes-Benz O405NH,WEB61241821098727,Custom Coaches 'CB60',01-204,Mar-02,DP49FW,Admet,Morphettville
1322,XMH 623,Mercedes-Benz O405NH,WEB61241821099646,Custom Coaches 'CB60',02-014,Jul-02,DP49FW,Admet,Morphettville
1323,XMH 620,Mercedes-Benz O405NH,WEB61241821099642,Custom Coaches 'CB60',02-011,Jun-02,DP49FW,Admet,Morphettville
1324,XMH 624,Mercedes-Benz O405NH,WEB61241821099655,Custom Coaches 'CB60',02-015,Jul-02,DP49FW,Admet,Morphettville
1358,SB 43 GT,Volvo B10BLE,YV3R4A517XA004992,Volgren 'CR222L',VG1155,Aug-99,B45DW,Admet v2,Morphettville
1359,SB 42 GT,Volvo B10BLE,YV3R4A519XA004993,Volgren 'CR222L',VG1221,Jan-00,B42DW,White,Morphettville
1360,SB 52 KB,Volvo B10BLE,YV3R4A512XA004995,Volgren 'CR222L',VG1223,Jan-00,B42DW,White,Morphettville
1361,SB 64 KB,Scania L94UA,YS4L6X20001838852,Volgren 'CR224L',VG1450,Jun-01,AB60DW,White,Morphettville
1363,XS 64AJ,Volvo B10BLE,YV3R4A515XA004991,Volgren 'CR222L',VG1155,Aug-99,B42DW,White,Morphettville
1365,XS 78AJ,Volvo B10BLE,YV3R4A51X2A008270,Volgren 'CR222L',VG1552,Feb-02,B42DW,,Morphettville
1370,XS 85CX,Scania L94UA,YS2L6X20001847220,Volgren 'CR224L',VG1835,May-04,AB59DW,White,Morphettville
1373,SB 51 GT,Iveco Metro C260,6F2BARB00ADT00613,Custom 'CB80',11-064,Aug-11,B53FW,AOA,Mile End
1374,SB 42 GP,Iveco Metro C260,6F2BARB00BDU00486,Custom 'CB80',12/032,Mar-13,B51DW,Admet v2,Mile End
1375,SB 43 GP,Iveco Metro C260,6F2BARB00BDU00271,Custom 'CB80',12/033,Mar-13,B51DW,Admet v2,Mile End
1376,SB 45 GP,Iveco Metro C260,6F2BARB00CDV00033,Custom 'CB80',12/035,Apr-13,B51DW,Admet v2,Mile End
1377,SB 44 GP,Iveco Metro C260,6F2BARB00CDV00449,Custom 'CB80',12/029,Apr-13,B51DW,Admet v2,Mile End
1378,SB 74 GT,Iveco Metro C260,6F2BARB00CDV00353,Custom 'CB80',12/037,Apr-13,B51DW,Admet v2,Mile End
1379,SB 46 GP,Iveco Metro C260,6F2BARB00BDU00358,Custom 'CB80',12/023,Apr-13,B51DW,Admet v2,Mile End
1380,SB 48 GP,Iveco Metro C260,6F2BARB00BDU00493,Custom 'CB80',12/026,Apr-13,B51DW,Admet v2,Mile End
1381,SB 49 GP,Iveco Metro C260,6F2BARB00CDV00445,Custom 'CB80',12/028,Mar-13,B51DW,Admet v2,Mile End
1382,SB 73 GT,Iveco Metro C260,6F2BARB00BDU00310,Custom 'CB80',12/034,Mar-13,B51DW,Admet v2,Mile End
1383,SB 47 GP,Iveco Metro C260,6F2BARB00BDU00498,Custom 'CB80',12/036,Apr-13,B51DW,Admet v2,Mile End
1384,SB 03 GV,Iveco Metro C260,6F2BARB00CDV00171,Custom 'CB80',12/037,May-13,B51DW,Admet v2,Mile End
1386,SB 46 GT,Mercedes-Benz O500LE,WEB63422021000057,Volgren 'CR228L',VP0327,Nov-03,B49DW,Admet v2,Port Adelaide
1387,SB 49 GT,Mercedes-Benz O500LE,WEB63422021000076,Volgren 'CR228L',VP0339,Mar-04,B44DW,Admet v2,Port Adelaide
1388,SB 48 GT,Mercedes-Benz O500LE,WEB63422021000059,Volgren 'CR228L',VP0338,Mar-04,B44DW,Admet v2,Port Adelaide
1389,SB 40 ED,Mercedes-Benz O500LE,WEB63422021000060,Volgren 'CR228L',VP0336,Feb-04,B45DW,Admet v2,Port Adelaide
1390,SB 36 ED,Mercedes-Benz O500LE,WEB63422021000065,Volgren 'CR228L',VG1813,2003,B44DW,Admet v2,Port Adelaide
1391,SB 38 ED,Mercedes-Benz O500LE,WEB63422021000029,Volgren 'CR228L',VP0307,Sep-03,B44DW,Admet v2,Port Adelaide
1403,SB 58 BM,Scania K230UB O-Bahn,YS2K4X20001860156,Custom Coaches 'CB60 Evo II',9003A,Jul-08,B41DW,Admet,Port Adelaide
1404,SB 56 BQ,Scania K230UB O-Bahn,YS2K4X20001860176,Custom Coaches 'CB60 Evo II',9004A,Aug-08,B41DW,Admet,Port Adelaide
1405,SB 53 BQ,Scania K230UB O-Bahn,YS2K4X20001860139,Custom Coaches 'CB60 Evo II',9005A,Aug-08,B41DW,Admet,Port Adelaide
1406,SB 64 BQ,Scania K230UB O-Bahn,YS2K4X20001860424,Custom Coaches 'CB60 Evo II',9006A,Aug-08,B41DW,Admet,Port Adelaide
1407,SB 43 BS,Scania K230UB O-Bahn,YS2K4X20001860520,Custom Coaches 'CB60 Evo II',9007A,Sep-08,B41DW,Admet,Port Adelaide
1408,SB 11 BW,Scania K230UB O-Bahn,YS2K4X20001860190,Custom Coaches 'CB60 Evo II',9008A,Oct-08,B41DW,Admet,Port Adelaide
1409,SB 36 BV,Scania K230UB O-Bahn,YS2K4X20001861211,Custom Coaches 'CB60 Evo II',9009A,Oct-08,B41DW,Admet,Port Adelaide
1410,SB 50 BV,Scania K230UB O-Bahn,YS2K4X20001861238,Custom Coaches 'CB60 Evo II',9010A,Oct-08,B41DW,Admet,Port Adelaide
1411,SB 56 BV,Scania K230UB O-Bahn,YS2K4X20001861447,Custom Coaches 'CB60 Evo II',9011A,Oct-08,B41DW,Admet,Port Adelaide
1412,SB 58 BV,Scania K230UB O-Bahn,YS2K4X20001861453,Custom Coaches 'CB60 Evo II',9012A,Oct-08,B41DW,Admet,Port Adelaide
1413,SB 72 BV,Scania K230UB O-Bahn,YS2K4X20001861612,Custom Coaches 'CB60 Evo II',9013A,Nov-08,B41DW,Admet,Port Adelaide
1414,SB 77 BV,Scania K230UB O-Bahn,YS2K4X20001861618,Custom Coaches 'CB60 Evo II',9014A,Nov-08,B41DW,Admet,Port Adelaide
1415,SB 79 BV,Scania K230UB O-Bahn,YS2K4X20001861510,Custom Coaches 'CB60 Evo II',9015A,Nov-08,B41DW,Admet,Port Adelaide
1416,SB 79 BZ,Scania K230UB O-Bahn,YS2K4X20001861600,Custom Coaches 'CB60 Evo II',9016A,Nov-08,B41DW,Admet,Port Adelaide
1417,SB 84 BZ,Scania K230UB O-Bahn,YS2K4X20001861629,Custom Coaches 'CB60 Evo II',9017A,Nov-08,B41DW,Admet,Port Adelaide
1418,SB 35 BZ,Scania K230UB O-Bahn,YS2K4X20001861431,Custom Coaches 'CB60 Evo II',9018A,Nov-08,B41DW,Admet,Port Adelaide
1419,SB 47 BW,Scania K230UB O-Bahn,YS2K4X20001861616,Custom Coaches 'CB60 Evo II',9019A,Nov-08,B41DW,Admet,Edinburgh North
1420,SB 12 CD,Scania K230UB O-Bahn,YS2K4X20001862085,Custom Coaches 'CB60 Evo II',9020A,Jan-09,B41DW,Admet,Edinburgh North
1421,SB 13 CD,Scania K230UB O-Bahn,YS2K4X20001862091,Custom Coaches 'CB60 Evo II',9021A,Jan-09,B41DW,Admet,Edinburgh North
1422,SB 68 CC,Scania K230UB O-Bahn,YS2K4X20001862094,Custom Coaches 'CB60 Evo II',9022A,Jan-09,B41DW,Admet,Edinburgh North
1423,SB 67 CD,Scania K230UB O-Bahn,YS2K4X20001862460,Custom Coaches 'CB60 Evo II',9023A,Feb-09,B41DW,Admet,Edinburgh North
1424,SB 71 CD,Scania K230UB O-Bahn,YS2K4X20001862495,Custom Coaches 'CB60 Evo II',9024A,Feb-09,B41DW,Admet,Edinburgh North
1425,SB 72 CD,Scania K230UB O-Bahn,YS2K4X20001862442,Custom Coaches 'CB60 Evo II',9025A,Feb-09,B41DW,Admet,Edinburgh North
1426,SB 66 CD,Scania K230UB O-Bahn,YS2K4X20001862390,Custom Coaches 'CB60 Evo II',9026A,Feb-09,B41DW,Admet,Edinburgh North
1427,SB 73 CD,Scania K230UB O-Bahn,YS2K4X20001862321,Custom Coaches 'CB60 Evo II',9027A,Feb-09,B41DW,Admet,Edinburgh North
1428,SB 40 CF,Scania K230UB O-Bahn,YS2K4X20001862565,Custom Coaches 'CB60 Evo II',9028A,Feb-09,B41DW,Admet,Edinburgh North
1429,SB 39 CF,Scania K230UB O-Bahn,YS2K4X20001862548,Custom Coaches 'CB60 Evo II',9029A,Feb-09,B41DW,Admet,Edinburgh North
1430,SB 37 CF,Scania K230UB O-Bahn,YS2K4X20001862571,Custom Coaches 'CB60 Evo II',9030,Mar-09,B41DW,Admet,Edinburgh North
1431,SB 25 CI,Scania K230UB O-Bahn,YS2K4X20001862593,Custom Coaches 'CB60 Evo II',9031,Mar-09,B41DW,Admet,Edinburgh North
1432,SB 26 CI,Scania K230UB O-Bahn,YS2K4X20001862827,Custom Coaches 'CB60 Evo II',9032,Mar-09,B41DW,Admet,Edinburgh North
1433,SB 42 CI,Scania K230UB O-Bahn,YS2K4X20001862842,Custom Coaches 'CB60 Evo II',9033,Mar-09,B41DW,Admet,Edinburgh North
1434,SB 62 CI,Scania K230UB O-Bahn,YS2K4X20001862797,Custom Coaches 'CB60 Evo II',9034,Mar-09,B41DW,Admet,St. Agnes
1435,SB 43 CI,Scania K230UB O-Bahn,YS2K4X20001862875,Custom Coaches 'CB60 Evo II',9035,Mar-09,B41DW,Admet,St. Agnes
1436,SB 81 CJ,Scania K230UB O-Bahn,YS2K4X20001862967 ,Custom Coaches 'CB60 Evo II',9036,Mar-09,B41DW,Admet,St. Agnes
1437,SB 82 CI,Scania K230UB O-Bahn,YS2K4X20001862806,Custom Coaches 'CB60 Evo II',9037,Mar-09,B41DW,Admet,St. Agnes
1438,SB 83 CJ,Scania K230UB O-Bahn,YS2K4X20001862794,Custom Coaches 'CB60 Evo II',9038,Mar-09,B41DW,Admet,St. Agnes
1439,SB 03 CJ,Scania K230UB O-Bahn,YS2K4X20001862954,Custom Coaches 'CB60 Evo II',9039,Mar-09,B41DW,Admet,St. Agnes
1440,SB 18 CJ,Scania K230UB O-Bahn,YS2K4X20001863012,Custom Coaches 'CB60 Evo II',9040,Mar-09,B41DW,Admet,St. Agnes
1441,SB 19 CJ,Scania K230UB O-Bahn,YS2K4X20001863042,Custom Coaches 'CB60 Evo II',9041,Mar-09,B41DW,Admet,St. Agnes
1442,SB 17 CJ,Scania K230UB O-Bahn,YS2K4X20001863312,Custom Coaches 'CB60 Evo II',9042,Mar-09,B41DW,Admet,St. Agnes
1443,SB 15 CJ,Scania K230UB O-Bahn,YS2K4X20001863354,Custom Coaches 'CB60 Evo II',9043,Mar-09,B41DW,Admet,St. Agnes
1444,SB 16 CJ,Scania K230UB O-Bahn,YS2K4X20001863423,Custom Coaches 'CB60 Evo II',9044,Mar-09,B41DW,Admet,St. Agnes
1445,SB 10 CK,Scania K230UB O-Bahn,YS2K4X20001863381,Custom Coaches 'CB60 Evo II',9045,Mar-09,B41DW,Admet,St. Agnes
1446,SB 11 CK,Scania K230UB O-Bahn,YS2K4X20001863409 ,Custom Coaches 'CB60 Evo II',9046,Mar-09,B41DW,Admet,St. Agnes
1447,SB 26 CJ,Scania K230UB O-Bahn,YS2K4X20001863678,Custom Coaches 'CB60 Evo II',9047,Apr-09,B41DW,Admet,St. Agnes
1448,SB 18 CK,Scania K230UB O-Bahn,YS2K4X20001863419,Custom Coaches 'CB60 Evo II',9048,Apr-09,B41DW,Admet,St. Agnes
1449,SB 25 CJ,Scania K230UB O-Bahn,YS2K4X20001863467,Custom Coaches 'CB60 Evo II',9049,Apr-09,B41DW,Admet,St. Agnes
1450,SB 43 CJ,Scania K230UB O-Bahn,YS2K4X20001863469,Custom Coaches 'CB60 Evo II',9050,Apr-09,B41DW,Admet,St. Agnes
1451,SB 42 CJ,Scania K230UB O-Bahn,YS2K4X20001863481,Custom Coaches 'CB60 Evo II',9051,Apr-09,B41DW,Admet,St. Agnes
1452,SB 66 CJ,Scania K230UB O-Bahn,YS2K4X20001863577,Custom Coaches 'CB60 Evo II',9052,Apr-09,B41DW,Admet,St. Agnes
1462,SB 24 CL,Scania K230UB O-Bahn,YS2K4X20001863590,Custom Coaches 'CB60 Evo II',9062A,May-09,B41DW,Admet,St. Agnes
1463,SB 61 CK,Scania K230UB O-Bahn,YS2K4X20001863558,Custom Coaches 'CB60 Evo II',9063,May-09,B41DW,Admet,St. Agnes
1464,SB 50 CK,Scania K230UB O-Bahn,YS2K4X20001863696,Custom Coaches 'CB60 Evo II',9064,May-09,B41DW,Admet,St. Agnes
1465,SB 08 CM,Scania K230UB O-Bahn,YS2K4X20001863652,Custom Coaches 'CB60 Evo II',9065,May-09,B41DW,Admet,St. Agnes
1466,SB 09 CM,Scania K230UB O-Bahn,YS2K4X20001863658,Custom Coaches 'CB60 Evo II',,2009,B41DW,Admet,St. Agnes
1467,SB 10 CM,Scania K230UB O-Bahn,YS2K4X20001863647,Custom Coaches 'CB60 Evo II',9067,May-09,B41DW,Admet,St. Agnes
1468,SB 11 CM,Scania K230UB O-Bahn,YS2K4X20001863650,Custom Coaches 'CB60 Evo II',9068,May-09,B41DW,Admet,St. Agnes
1469,SB 05 CN,Scania K230UB O-Bahn,YS2K4X20001863692,Custom Coaches 'CB60 Evo II',9069,May-09,B41DW,Admet,St. Agnes
1470,SB 04 CN,Scania K230UB O-Bahn,YS2K4X20001863666 ,Custom Coaches 'CB60 Evo II',9070,May-09,B41DW,Admet,St. Agnes
1471,SB 03 CN,Scania K230UB O-Bahn,YS2K4X20001863670,Custom Coaches 'CB60 Evo II',9071,May-09,B41DW,Admet,St. Agnes
1472,SB 02 CN,Scania K230UB O-Bahn,YS2K4X20001863829,Custom Coaches 'CB60 Evo II',9072,Jul-09,B41DW,Admet,St. Agnes
1478,SB 66 CN,Scania K230UB O-Bahn,YS2K4X20001864232,Custom Coaches 'CB60 Evo II',9078,Jun-09,B41DW,Admet,St. Agnes
1481,SB 03 CQ,Scania K230UB O-Bahn,YS2K4X20001863843,Custom Coaches 'CB60 Evo II',9081A,Jul-09,B41DW,Admet,St. Agnes
1482,SB 02 CQ,Scania K230UB O-Bahn,YS2K4X20001864170,Custom Coaches 'CB60 Evo II',9082,Jul-09,B41DW,Admet,St. Agnes
1483,SB 36 CT,Scania K230UB O-Bahn,YS2K4X20001864326,Custom Coaches 'CB60 Evo II',9083,Jul-09,B41DW,Admet,St. Agnes
1484,SB 35 CT,Scania K230UB O-Bahn,YS2K4X20001864491,Custom Coaches 'CB60 Evo II',9084,Jul-09,B41DW,Admet,St. Agnes
1485,SB 34 CT,Scania K230UB O-Bahn,YS2K4X20001864469,Custom Coaches 'CB60 Evo II',9085,Jul-09,B41DW,Admet,St. Agnes
1486,SB 98 CQ,Scania K230UB O-Bahn,YS2K4X20001864460,Custom Coaches 'CB60 Evo II',9086,Jul-09,B41DW,Admet,St. Agnes
1487,SB 33 CT,Scania K230UB O-Bahn,YS2K4X20001864413,Custom Coaches 'CB60 Evo II',9087,Jul-09,B41DW,Admet,St. Agnes
1489,SB 28 CT,Scania K230UB O-Bahn,YS2K4X20001864559,Custom Coaches 'CB60 Evo II',9089A,Aug-09,B41DW,Admet,St. Agnes
1502,WSR 690,MAN 18.280 HOCL-NL,WMAA69ZZZ3H002232,ABM 'CB64A',5886,Jun-02,B46DW,Admet,Port Adelaide
1503,WTB 803,MAN 18.280 HOCL-NL,WMAA69ZZZ2H002233,ABM 'CB64A',5887,Jun-02,B46DW,Admet,Port Adelaide
1504,WTB 650,MAN 18.280 HOCL-NL,WMAA69ZZZ3H002234,ABM 'CB64A',5888,Jul-02,B46DW,Admet,Port Adelaide
1505,WTX 426,MAN 18.280 HOCL-NL,WMAA69ZZZ3H002231,ABM 'CB64A',5889,Jul-02,B46DW,Admet,Port Adelaide
1506,WTB 676,MAN 18.280 HOCL-NL,WMAA69ZZZ2H002235,ABM 'CB64A',5890,Jul-02,B46DW,Admet,Port Adelaide
1507,WTK 763,MAN 18.280 HOCL-NL,WMAA69ZZZ3H002237,ABM 'CB64A',5891,Jul-02,B46DW,Admet,Port Adelaide
1508,WTK 766,MAN 18.280 HOCL-NL,WMAA69ZZZ3H002238,ABM 'CB64A',5892,Jul-02,B46DW,Admet,Port Adelaide
1509,WTR 672,MAN 18.280 HOCL-NL,WMAA69ZZZ2H002252,ABM 'CB64A',5893,Jul-02,B46DW,Admet,Port Adelaide
1510,WTK 762,MAN 18.280 HOCL-NL,WMAA69ZZZ2H002268,ABM 'CB64A',5894,Jul-02,B46DW,Admet,Port Adelaide
1511,WTK 764,MAN 18.280 HOCL-NL,WMAA69ZZZ2H002269,ABM 'CB64A',5895,Aug-02,B46DW,Admet,Port Adelaide
1512,WTK 765,MAN 18.280 HOCL-NL,WMAA69ZZZ2H002270,ABM 'CB64A',5896,Aug-02,B46DW,Admet,Port Adelaide
1513,WXJ 086,MAN 18.280 HOCL-NL,WMAA69ZZZ2H002226,ABM 'CB64A',5956,Jun-03,B46DW,Admet,Port Adelaide
1514,WXW 867,MAN 18.280 HOCL-NL,WMAA69ZZZ3H002750,ABM 'CB64A',5957,Aug-03,B46DW,Admet,Port Adelaide
1515,WXJ 087,MAN 18.280 HOCL-NL,WMAA69ZZZ3H002214,ABM 'CB64A',5955,Jun-03,B46DW,Admet,Port Adelaide
1521,SB 26 EL,Scania K230UB,YS2K4X20001870759,Custom 'CB80',9101,Feb-11,B45DW,Admet,St. Agnes
1522,SB 27 EL,Scania K230UB,YS2K4X20001870752,Custom 'CB80',,2011,B45DW,Admet,St. Agnes
1523,SB 40 EL,Scania K230UB,YS2K4X20001870740,Custom 'CB80',9103,Feb-11,B45DW,Admet,St. Agnes
1524,SB 38 EL,Scania K230UB,YS2K4X20001870765,Custom 'CB80',,2011,B45DW,Admet,St. Agnes
1525,SB 14 EL,Scania K230UB,YS2K4X20001870781,Custom 'CB80',9105,Mar-11,B45DW,Admet,St. Agnes
1526,SB 39 EL,Scania K230UB,YS2K4X20001870848,Custom 'CB80',9106,Mar-11,B45DW,Admet,St. Agnes
1527,SB 37 EL,Scania K230UB,YS2K4X20001870843,Custom 'CB80',9107,Mar-11,B45DW,Admet,St. Agnes
1528,SB 95 EK,Scania K230UB,YS2K4X20001871281,Custom 'CB80',9109,Mar-11,B45DW,Admet,St. Agnes
1529,SB 64 EM,Scania K230UB,YS2K4X20001871314,Custom 'CB80',,2011,B45DW,Admet,St. Agnes
1530,SB 62 EM,Scania K230UB,YS2K4X20001871299,Custom 'CB80',9112,Mar-11,B45DW,Admet,St. Agnes
1531,SB 63 EM,Scania K230UB,YS2K4X20001871320,Custom 'CB80',9113,Mar-11,B45DW,Admet,St. Agnes
1532,SB 65 EM,Scania K230UB,YS2K4X20001871290,Custom 'CB80',,2011,B45DW,Admet,St. Agnes
1533,XS 65BL,Scania K230UB,YS2K4X20001871307,Custom 'CB80',,2011,B45DW,Admet,St. Agnes
1542,WTK 698,Mercedes-Benz O405NH O-Bahn,WEB61241821098686,ABM 'CB60A',5941,Jul-02,B40DW,Admet,St. Agnes
1550,SB 29 ER,Scania K280UB O-Bahn,Y2SK4X20001873552,Custom 'CB80',9138,Jun-11,B45DW,Admet v2,St. Agnes
1551,SB 30 ER,Scania K280UB O-Bahn,Y2SK4X20001873573,Custom 'CB80',9139,Jun-11,B45DW,Admet v2,St. Agnes
1552,SB 31 ER,Scania K280UB O-Bahn,Y2SK4X20001873283,Custom 'CB80',9140,Jun-11,B45DW,Admet v2,St. Agnes
1556,SB 27 ET,Scania K280UB O-Bahn,YS2K4X20001873446,Custom 'CB80',9144,Jun-11,B45DW,Admet v2,St. Agnes
1560,SB 69 EY,Scania K280UB O-Bahn,YS2K4X20001873663,Custom 'CB80',11-066,Sep-11,B45DW,Admet v2,St. Agnes
1561,SB 65 EY,Scania K280UB O-Bahn,YS2K4X20001873655,Custom 'CB80',11-067,Sep-11,B45DW,Admet v2,St. Agnes
1562,SB 64 EY,Scania K280UB O-Bahn,YS2K4X20001873581,Custom 'CB80',11-068,Sep-11,B45DW,Admet v2,St. Agnes
1563,SB 47 EZ,Scania K280UB O-Bahn,YS2K4X20001873525,Custom 'CB80',11-069,Sep-11,B45DW,Admet v2,St. Agnes
1564,SB 29 FA,Scania K280UB O-Bahn,YS2K4X20001874987,Custom 'CB80',11-070,Oct-11,B45DW,Admet v2,St. Agnes
1565,SB 34 FA,Scania K280UB O-Bahn,YS2K4X20001874989,Custom 'CB80',11-071,Oct-11,B45DW,Admet v2,St. Agnes
1566,SB 57 FW,Scania K280UB O-Bahn,YS2K4X20001875833,Custom 'CB80',11-090,2012,B51DW,Admet v2,St. Agnes
1567,SB 49 FX,Scania K280UB,YS2K4X20001877611,Custom 'CB80',,2012,B45DW,Admet v2,Port Adelaide
1568,SB 41 FX,Scania K280UB,YS2K4X20001877630,Custom 'CB80',,2012,B45DW,Admet v2,Port Adelaide
1569,SB 47 GD,Scania K280UB,YS2K4X20001879367,Custom 'CB80',,2012,B45DW,Admet v2,Port Adelaide
1570,SB 73 GD,Scania K280UB,YS2K4X20001879362,Custom 'CB80',944030,Oct-12,B45DW,Admet v2,Port Adelaide
1571,SB 86 GD,Scania K280UB,YS2K4X20001879365,Custom 'CB80',,2012,B45DW,Admet v2,Port Adelaide
1572,SB 07 GE,Scania K280UB,YS2K4X20001879374,Custom 'CB80',944032,Oct-12,B45DW,Admet v2,Edinburgh North
1573,SB 60 GE,Scania K280UB,YS2K4X20001879376,Custom 'CB80',,2012,B45DW,Admet v2,Edinburgh North
1574,SB 13 GS,Scania K280UB,YS2K4X20001880284,Custom 'CB80',,2012,B45DW,AOA,Edinburgh North
1575,SB 14 GS,Scania K280UB,YS2K4X20001880282,Custom 'CB80',,2012,B45DW,AOA for Binge,Port Adelaide
1660,WJP 355,MAN NL202 CNG,6ABA090099AX00980,ABM '160',5788,Feb-00,B37DW,Admet,Newton
1661,WJS 838,MAN NL202 CNG,6ABA090100AX00981,ABM '160',5789,Feb-00,B37DW,Admet,Newton
1662,WJP 382,MAN NL202 CNG,6ABA090101AX00982,ABM '160',5790,Feb-00,B37DW,Admet,Newton
1663,WJX 047,MAN NL202 CNG,6ABA090102AX00983,ABM '160',5791,Feb-00,B37DW,Admet,Newton
1664,WJZ 661,MAN NL202 CNG,6ABA090103AX00984 ,ABM '160',5792,Mar-00,B37DW,Admet,Newton
1665,WKA 078,MAN NL202 CNG,6ABA090104AX00985,ABM '160',5793,Mar-00,B37DW,Admet,Newton
1666,WKD 897,MAN NL202 CNG,6ABA090105AX00987 ,ABM '160',5794,Apr-00,B37DW,Admet,Newton
1667,WLB 331,MAN NL202 CNG,6ABA090117AX01052,ABM '160',5806,Jul-00,B37DW,Admet,Newton
1668,WKP 962,MAN NL202 CNG,6ABA090118AX01053,ABM '160',5807,Jul-00,B37DW,Admet,Mile End
1669,WKP 961,MAN NL202 CNG,6ABA090119AX01054,ABM '160',5808,Jul-00,B37DW,AOA,Newton
1670,WLA 962,MAN NL202 CNG,6ABA090120AX01055,ABM '160',5809,Jul-00,B37DW,Admet,Newton
1671,WLA 963,MAN NL202 CNG,6ABA090121AX01056,ABM '160',5810,Aug-00,B37DW,Admet,Newton
1672,WLG 062,MAN NL202 CNG,6ABA090122AX01057,ABM '160',5811,Aug-00,B37DW,Admet,Newton
1673,WLD 878,MAN NL202 CNG,6ABA090123AX01049,ABM '160',5812,Aug-00,B37DW,Admet,Newton
1674,WLD 613,MAN NL202 CNG,6ABA090154AX01050,ABM '160',5813,Aug-00,B37DW,Admet,Newton
1675,WLD 584,MAN NL202 CNG,6ABA090125AX01058,ABM '160',5814,Aug-00,B37DW,Admet,Newton
1676,WLD 585,MAN NL202 CNG,6ABA090126AX01059,ABM '160',5815,Sep-00,B37DW,Admet,Newton
1677,WLO 759,MAN NL202 CNG,6ABA090127AX01060,ABM '160',5816,Sep-00,B37DW,AOA,Newton
1678,WLO 754,MAN NL202 CNG,6ABA090128AX01061,ABM '160',5817,Sep-00,B37DW,Admet,Newton
1679,WLF 971,MAN NL202 CNG,6ABA090129AX01068,ABM '160',5818,Sep-00,B37DW,Admet,Newton
1680,WLF 972,MAN NL202 CNG,6ABA090130AX01063,ABM '160',5819,Sep-00,B37DW,Admet,Newton
1681,WLV 791,MAN NL202 CNG,6ABA090130AX01063,ABM '160',5820,Sep-00,B37DW,Admet,Newton
1682,WLV 790,MAN NL202 CNG,6ABA090138AX01065,ABM '160',5821,Oct-00,B37DW,Admet,Newton
1683,WMA 679,MAN NL202 CNG,6ABA090133AX01066,ABM '160',5822,Oct-00,B37DW,AOA,Mile End
1750,WMJ 749,MAN NL202 CNG,6ABA090135AX01068,ABM 'CB62A',5824,Nov-00,B38DW,Admet,Morphettville
1751,WMN 382,MAN NL202 CNG,6ABA090137AX01085,ABM 'CB62A',5826,Nov-00,B38DW,Admet,Morphettville
1752,WME 920,MAN NL202 CNG,6ABA090134AX01067,ABM 'CB62A',5823,Nov-00,B38DW,Admet,Morphettville
1753,WMN 149,MAN NL202 CNG,6ABA090136AX01084,ABM 'CB62A',5825,Nov-00,B38DW,Admet,Morphettville
1754,WMW 174,MAN NL202 CNG,6ABA090138AX01086,ABM 'CB62A',5827,Dec-00,B38DW,Admet,Morphettville
1755,WNA 546,MAN NL202 CNG,6ABA090139AX01087,ABM 'CB62A',5828,Dec-00,B38DW,AOA,Morphettville
1756,WNA 547,MAN NL202 CNG,6ABA090140AX01088,ABM 'CB62A',5829,Dec-00,B38DW,Admet,Morphettville
1757,WND 394,MAN NL202 CNG,6ABA090141AX01089,ABM 'CB62A',5830,Jan-01,B38DW,Admet,Mile End
1758,WND 395,MAN NL202 CNG,6ABA090142AX01090,ABM 'CB62A',5831,Jan-01,B38DW,Admet,Mile End
1759,WNC 854,MAN NL202 CNG,6ABA090143AX01091,ABM 'CB62A',5832,Jan-01,B38DW,Admet,Mile End
1760,WNC 863,MAN NL202 CNG,6ABA090144AX01092,ABM 'CB62A',5833,Jan-01,B38DW,Admet,Mile End
1761,WPE 548,MAN NL232 CNG,6ABA090168AX01116,ABM 'CB62A',5857,Sep-01,B43DW,Admet,Newton
1762,WPE 549,MAN NL232 CNG,6ABA090169AX01117,ABM 'CB62A',5858,Sep-01,B43DW,Admet,Newton
1763,WPK 455,MAN NL232 CNG,6ABA090170AX01118,ABM 'CB62A',5859,Sep-01,B43DW,Admet,Newton
1764,WPK 454,MAN NL232 CNG,6ABA090171AX01119,ABM 'CB62A',5860,Oct-01,B43DW,Admet,Newton
1765,WPO 523,MAN NL232 CNG,6ABA090172AX01120,ABM 'CB62A',5861,Oct-01,B43DW,Admet,Newton
1766,WPO 524,MAN NL232 CNG,6ABA090173AX01121,ABM 'CB62A',5862,Oct-01,B43DW,Admet,Newton
1767,WPW 283,MAN NL232 CNG,6ABA090174AX01122,ABM 'CB62A',5863,Oct-01,B43DW,Admet,Newton
1768,WPW 050,MAN NL232 CNG,6ABA090175AX01123,ABM 'CB62A',5864,Nov-01,B43DW,Admet,Newton
1769,WPX 344,MAN NL232 CNG,6ABA090176AX01124,ABM 'CB62A',5865,Nov-01,B43DW,Admet,Newton
1770,WPX 345,MAN NL232 CNG,6ABA090177AX01125,ABM 'CB62A',5866,Nov-01,B43DW,Admet,Newton
1771,WRB 708,MAN NL232 CNG,6ABA090178AX01126,ABM 'CB62A',5867,Nov-01,B43DW,Admet,Newton
1772,WPV 817,MAN NL232 CNG,6ABA090179AX01127,ABM 'CB62A',5868,Dec-01,B43DW,Admet,Newton
1773,WPV 819,MAN NL232 CNG,6ABA090180AX01128,ABM 'CB62A',5869,Dec-01,B43DW,Admet,Newton
1774,WRL 008,MAN NL232 CNG,6ABA090181AX01129,ABM 'CB62A',5870,Dec-01,B43DW,Admet,Newton
1775,WRL 007,MAN NL232 CNG,6ABA090182AX01130,ABM 'CB62A',5871,Dec-01,B43DW,Admet,Newton
1776,WRL 164,MAN NL232 CNG,6ABA090183AX01131,ABM 'CB62A',5872,Dec-01,B43DW,Admet,Newton
1777,WRL 165,MAN NL232 CNG,6ABA090184AX01132,ABM 'CB62A',5873,Feb-02,B43DW,Admet,Newton
1778,WRI 298,MAN NL232 CNG,6ABA090185AX01133,ABM 'CB62A',5874,Feb-02,B43DW,Admet,Newton
1779,WRI 299,MAN NL232 CNG,6ABA090186AX01134,ABM 'CB62A',5875,Feb-02,B43DW,Admet,Newton
1780,WRV 284,MAN NL232 CNG,6ABA090187AX01135,ABM 'CB62A',5876,Feb-02,B43DW,Admet,Newton
1781,WRV 285,MAN NL232 CNG,6ABA090188AX01136,ABM 'CB62A',5677,Mar-02,B43DW,Admet,Newton
1782,WRW 508,MAN NL232 CNG,6ABA090189AX01137,ABM 'CB62A',5878,Mar-02,B43DW,Admet,Newton
1783,WRW 507,MAN NL232 CNG,6ABA090190AX01138,ABM 'CB62A',5879,Mar-02,B43DW,Admet,Newton
1784,WRW 522,MAN NL232 CNG,6ABA090191AX01139,ABM 'CB62A',5880,Apr-02,B43DW,Admet,Mile End
1785,WRW 523,MAN NL232 CNG,6ABA090192AX01140,ABM 'CB62A',5881,Apr-02,B43DW,Admet,Mile End
1786,WSD 620,MAN NL232 CNG,6ABA090193AX01141,ABM 'CB62A',5882,Apr-02,B43DW,Admet,Mile End
1787,WSD 621,MAN NL232 CNG,6ABA090194AX01142,ABM 'CB62A',5883,Apr-02,B43DW,Admet,Mile End
1788,XS 97HB,Foton FTH12 Hydrogen City Bus,3227,Foton,-,2022,,,Morphettville
1789,XS 98HB,Foton FTH12 Hydrogen City Bus,3228,Foton,-,2022,,,Morphettville
1801,SB 26 FU,Scania N280UB,SZAN4X20000552404,Custom 'CB80',11-014,2012,B43DW,Admet v2,Edinburgh North
1803,SB 11 HE,Scania K280UB,YS2K4X20001884852,Custom 'CB80',,2013,B45DW,Admet v2,Newton
1804,SB 13 HG,Scania K280UB,YS2K4X20001884882,Custom 'CB80',,2013,B45DW,Admet v2,Newton
1805,SB 76 HI,Scania K280UB,YS2K4X20001885734,Custom 'CB80',944053,Nov-13,B45DW,Admet v2,Newton
1806,SB 85 HI,Scania K280UB,YS2K4X20001886056,Custom 'CB80',,2013,B45DW,Admet v2,St. Agnes
1807,SB 96 HL,Scania K280UB,YS2K4X20001886335,Custom 'CB80',,2013,B45DW,Admet v2,St. Agnes
1808,SB 97 HL,Scania K280UB,YS2K4X20001886418,Custom 'CB80',944056,Nov-13,B45DW,Admet v2,St. Agnes
1809,SB 06 GU,Scania K280UB,YS2K4X20001882823,Custom 'CB80',,2013,B45DW,Admet v2,Newton
1810,SB 21 GU,Scania K280UB,YS2K4X20001882829,Custom 'CB80',944039,2013,B45DW,Admet v2,Newton
1811,SB 65 FC,Scania K280UB,YS2K4X20001885974,Custom 'CB80',944064,Mar-14,B45DW,Admet v2,Newton
1812,SB 07 HT,Scania K280UB,YS2K4X20001887064,Custom 'CB80',944065,Mar-14,B45DW,Admet v2,Newton
1813,SB 34 HW,Scania K280UB,YS2K4X20001887224,Custom 'CB80',944066,Mar-14,B45DW,Admet v2,Newton
1814,SB 88 HS,Scania K280UB,YS2K4X20001887877,Custom 'CB80',944071,2014,B45DW,Admet v2,Newton
1815,SB 96 JJ,Scania K280UB,YS2K4X20001888254,Custom 'CB80',,2014,B45DW,Admet v2,Newton
1816,SB 95 JJ,Scania K280UB,YS2K4X20001888464,Custom 'CB80',NOD703-38,Aug-14,B45DW,Admet v2,Newton
1817,SB 14 KP,Scania K280UB,YS2K4X20001892338,Custom 'CB80',,2015,B45DW,Admet v2,St. Agnes
1818,SB 62 LG,Scania K280UB,YS2K4X20001895862,Custom 'CB80',,2016,B45DW,Admet v2,St. Agnes
1819,SB 83 LD,Scania K280UB O-Bahn,YS2K4X20001896163,Custom 'CB80',,2016,B45DW,Admet v2,St. Agnes
1820,SB 69 LJ,Scania K280UB O-Bahn,YS2K4X20001895863,Custom 'CB80',D726-30,Feb-16,B45DW,Admet v2,St. Agnes
1821,SB 94 LI,Scania K280UB O-Bahn,YS2K4X20001895866,Custom 'CB80',,2016,B45DW,Admet v2,St. Agnes
1822,SB 12 LJ,Scania K280UB O-Bahn,YS2K4X20001895871,Custom 'CB80',D726-32,Feb-16,B45DW,Admet v2,St. Agnes
1823,SB 84 LM,Scania K280UB O-Bahn,YS2K4X20001896899,Custom 'CB80',,2016,B45DW,Admet v2,St. Agnes
1824,SB 86 LU,Scania K320UB O-Bahn,YS2K4X20001897753,Custom 'CB80 Series 2',G7102-2,Jul-16,B45DW,Admet v2,Port Adelaide
1825,SB 87 LY,Scania K320UB O-Bahn,YS2K4X20001898618,Custom 'CB80 Series 2',G7102-7,Sep-16,B45DW,Admet v2,Port Adelaide
1826,SB 76 MG,Scania K320UB O-Bahn,YS2K4X20001890222,Custom 'CB80 Series 2',,2016,B45DW,Admet v2,Morphettville
1827,SB 96 MU,Scania K320UB O-Bahn,YS2K4X20001902084,Custom 'CB80 Series 2',G7102-25,Jul-17,B45DW,Admet v2,Morphettville
1828,SB 82 MY,Scania K320UB O-Bahn,YS2K4X20001902837,Custom 'CB80 Series 2',G7102-27,2017,B45DW,Admet v2,Morphettville
1829,SB 83 MY,Scania K320UB,YS2K24X20001902852,Custom 'CB80 Series 2',G7102-26,2017,B45DW,Admet v2,Morphettville
1830,SB 45 GY,Scania K280UB O-Bahn,YS2K4X20001883985,Custom 'CB80',,2013,B45DW,Admet v2,St. Agnes
1831,SP 30 GP,Scania K280UB O-Bahn,YS2K4X20001882833,Custom 'CB80',,2013,B45DW,Admet v2,St. Agnes
1832,SB 28 GS,Scania K280UB O-Bahn,YS2K4X20001882817,Custom 'CB80',944037,2013,B45DW,Admet v2,St. Agnes
1849,SB 22 GU,Scania K360UA O-Bahn,YS2K4X20001883310,Custom 'CB80',945049,May-13,,Admet v2,St. Agnes
1850,SB 52 GY,Scania K360UA O-Bahn,YS2K4X20001884759,Custom 'CB80',945050,Jul-13,,Admet v2,St. Agnes
1901,SB 79 HK,Volvo B5RLEH,YV3T8R929DA156330,Volgren 'CR228L',VG3669,2013,B34DW,AOA,Mile End
1902,SB 40 JC,Scania K320UB,YS2K4X20001885887,Custom 'CB80',935007,May-14,,AOA,Mile End
1903,SB 38 JC,Scania K320UB,YS2K4X20001885909,Custom 'CB80',935008,,,AOA,Mile End
1904,TINDO 1,Designline SLF,7DL2700207A006042,Designline SLF 'Olympbus',-,Mar-07,B28FW,Tindo,Mile End
1906,SB 24 MP,Bustech - Cummins ISL,6K9XBEH22GE039033,Bustech - Precision Buses 'XDi',16/502,Feb-17,B51DW,Admet v2,Port Adelaide
1907,SB 94 MT,Bustech - Cummins ISL,6K9XBEH22GE039032,Bustech - Precision Buses 'XDi',16/501,Apr-17,,Admet v2,Port Adelaide
1908,SB 52 GR,Scania K280UB,YS2K4X20001882825,Custom 'CB80',944034,Apr-13,B45DW,Admet v2,Port Adelaide
1909,SB 29 GP,Scania K280UB,YS2K4X20001882819,Custom 'CB80',944035,Apr-13,B45DW,Admet v2,Port Adelaide
1910,SB 10 HE,Scania K280UB,YS2K4X20001884865,Custom 'CB80',944042,Jul-13,B45DW,Admet v2,Port Adelaide
1911,SB 34 HD,Scania K280UB,YS2K4X20001884874,Custom 'CB80',944044,Aug-13,B45DW,Admet v2,Port Adelaide
1912,SB 83 HC,Scania K280UB,YS2K4X20001884878,Custom 'CB80',944045,Sep-13,B45DW,Admet v2,Port Adelaide
1913,SB 94 HE,Scania K280UB,YS2K4X20001884934,Custom 'CB80',944047,Sep-13,B45DW,AOA,Newton
1914,SB 77 HD,Scania K280UB,YS2K4X20001884984,Custom 'CB80',944048,2013,B45DW,Admet v2,Newton
1915,SB 61 HH,Scania K280UB,YS2K4X20001885833,Custom 'CB80',944049,Oct-13,B45DW,Admet v2,Newton
1916,SB 68 HI,Scania K280UB,YS2K4X20001885836,Custom 'CB80',944050,Oct-13,B45DW,Admet v2,Newton
1917,SB 26 HI,Scania K280UB,YS2K4X20001885841,Custom 'CB80',944051,Oct-13,B45DW,Admet v2,Newton
1918,SB 75 HI,Scania K280UB,YS2K4X20001885577,Custom 'CB80',944052,Oct-13,B45DW,Admet v2,Newton
1919,SB 20 FF,Scania K280UB,YS2K4X20001886505,Custom 'CB80',944057,Dec-13,B45DW,Admet v2,Newton
1920,SB 86 HI,Scania K280UB,YS2K4X20001885267,Custom 'CB80',944058,Nov-13,B45DW,Admet v2,Newton
1921,SB 55 HN,Scania K280UB,YS2K4X20001886537,Custom 'CB80',944059,Dec-13,B45DW,Admet v2,Newton
1922,SB 63 HN,Scania K280UB,YS2K4X20001886497,Custom 'CB80',944060,Dec-13,B45DW,Admet v2,Newton
1923,SB 62 HN,Scania K280UB,YS2K4X20001886495,Custom 'CB80',944061,Dec-13,B45DW,Admet v2,Newton
1924,SB 29 HR,Scania K280UB,YS2K4X20001886772,Custom 'CB80',944062,Feb-14,B45DW,Admet v2,Newton
1925,SB 33 HR,Scania K280UB,YS2K4X20001886860,Custom 'CB80',,Mar-14,B45DW,AOA,Mile End
1926,SB 15 JC,Scania K280UB,YS2K4X20001887892,Custom 'CB80',944073,May-14,B45DW,Admet v2,Mile End
1927,SB 39 JC,Scania K280UB,YS2K4X20001887963,Custom 'CB80',944074,May-14,B45DW,Admet v2,Mile End
1928,SB 01 JN,Scania K280UB,YS2K4X20001888199,Custom 'CB80',D703-36,Aug-14,B45DW,Admet v2,Newton
1929,SB 41 JU,Scania K280UB,YS2K4X20001890382,Custom 'CB80',D726-03,Nov-14,B45DW,Admet v2,Mile End
1930,SB 77 JU,Scania K280UB,YS2K4X20001890168,Custom 'CB80',D726-04,Nov-14,B45DW,Admet v2,Mile End
1931,SB 14 JR,Scania K280UB,YS2K4X20001890475,Custom 'CB80',D726-06,Dec-14,B45DW,Admet v2,Mile End
1932,SB 16 KE,Scania K280UB,YS2K4X20001892408,Custom 'CB80',D726-12,Apr-15,B45DW,Admet v2,Newton
1933,SB 16 KL,Scania K280UB,YS2K4X20001892301,Custom 'CB80',D726-13,Jun-15,B45DW,Admet v2,Mile End
1934,SB 12 KR,Scania K280UB,YS2K4X20001892391,Custom 'CB80',D726-15,Jul-15,B45DW,Admet v2,Newton
1935,SB 69 KX,Scania K280UB,YS2K4X20001895200,Custom 'CB80',D726-23,Oct-15,B45DW,Admet v2,Newton
1936,SB 78 KX,Scania K280UB,YS2K4X20001895305,Custom 'CB80',,2015,B45DW,Admet v2,Mile End
1937,SB 86 LB,Scania K280UB,YS2K4X20001895505,Custom 'CB80',,2015,B45DW,Admet v2,Mile End
1938,SB 31 LC,Scania K280UB,YS2K4X20001853639,Custom 'CB80',,Sep-15,B45DW,Admet v2,Newton
1939,SB 49 LE,Scania K280UB,YS2K4X20001895842,Custom 'CB80',,2016,B45DW,Admet v2,Newton
1940,SB 83 LM,Scania K280UB,YS2K4X20001897122,Custom 'CB80',D726-34,Apr-16,B45DW,Admet v2,Port Adelaide
1941,SB 85 LU,Scania K320UB,YS2K4X20001897699,Custom 'CB80 Series 2',G7102-01,Jul-16,B45DW,Admet v2,Port Adelaide
1942,SB 89 LU,Scania K320UB,YS2K4X20001897864,Custom 'CB80 Series 2',G7102-03,Jul-16,B45DW,Admet v2,Port Adelaide
1943,SB 87 LU,Scania K320UB,YS2K4X20001897957,Custom 'CB80 Series 2',G7102-04,Jun-16,B45DW,Admet v2,Port Adelaide
1944,SB 88 LV,Scania K320UB,YS2K4X20001897836,Custom 'CB80 Series 2',G7102-05,Aug-16,B45DW,Admet v2,Port Adelaide
1945,SB 65 LV,Scania K320UB,YS2K4X20001898512,Custom 'CB80 Series 2',G7102-06,Aug-16,B45DW,Admet v2,Port Adelaide
1946,SB 09 LZ,Scania K320UB,YS2K4X20001898822,Custom 'CB80 Series 2',G7102-08,Sep-16,B45DW,Admet v2,Port Adelaide
1947,SB 03 MC,Scania K320UB,YS2K4X20001299127,Custom 'CB80 Series 2',G7102-09,Sep-16,B45DW,Admet v2,Port Adelaide
1948,SB 26 MC,Scania K320UB,YS2K4X20001899354,Custom 'CB80 Series 2',G7102-10,Sep-16,B45DW,Admet v2,Port Adelaide
1949,SB 85 MB,Scania K320UB,YS2K4X20001899551,Custom 'CB80 Series 2',G7102-11,Oct-16,B45DW,Admet v2,Port Adelaide
1950,SB 15 LY,Scania K320UB,YS2K4X20001899678,Custom 'CB80 Series 2',G7102-12,Oct-16,B45DW,Admet v2,Port Adelaide
1951,SB 40 MF,Scania K320UB,YS2K4X20001899947,Custom 'CB80 Series 2',G7102-13,Oct-16,B45DW,Admet v2,Port Adelaide
1952,SB 21 MM,Scania K320UB,YS2K4X20001900330,Custom 'CB80 Series 2',G7102-15,Jan-17,B45DW,Admet v2,Port Adelaide
1953,SB 90 ML,Scania K320UB,YS2K4X20001900283,Custom 'CB80 Series 2',G7102-16,Feb-17,B45DW,Admet v2,Port Adelaide
1954,SB 22 MP,Scania K320UB,YS2K4X20001899371,Custom 'CB80 Series 2',G7102-17,Feb-17,B45DW,Admet v2,Port Adelaide
1955,SB 27 MU,Scania K320UB,YS2K4X20001900310,Custom 'CB80 Series 2',G7102-18,May-17,B45DW,Admet v2,Port Adelaide
1956,SB 85 MP,Scania K320UB,YS2K4X20001900447,Custom 'CB80 Series 2',G7102-19,May-17,B45DW,Admet v2,Port Adelaide
1957,SB 03 MQ,Scania K320UB,YS2K4X20001900472,Custom 'CB80 Series 2',G7102-20,May-17,B45DW,Admet v2,Port Adelaide
1958,SB 32 MV,Scania K320UB,YS2K4X20001900450,Custom 'CB80 Series 2',G7102-21,Apr-17,B45DW,Admet v2,Port Adelaide
1959,SB 33 MV,Scania K320UB,YS2K4X20001900460,Custom 'CB80 Series 2',G7102-22,May-17,B45DW,Admet v2,Port Adelaide
1960,SB 41 MY,Scania K320UB,YS2K4X20001900482,Custom 'CB80 Series 2',G7102-23,Apr-17,B45DW,Admet v2,Port Adelaide
1961,SB 34 MY,Scania K320UB,YS2K4X20001900479,Custom 'CB80 Series 2',G7102-24,Jul-17,B45DW,Admet v2,Port Adelaide
1962,SB 31 NF,Scania K320UB,YS2K4X20001903111,Custom 'CB80 Series 2',G7102-28,Aug-17,B45DW,Admet v2,Port Adelaide
1963,SB 05 NF,Scania K320UB,YS2K4X20001903049,Custom 'CB80 Series 2',G7102-29,Oct-17,B45DW,Admet v2,Port Adelaide
1964,SB 72 NH,Scania K320UB,YS2K4X20001903489,Custom 'CB80 Series 2',G7102-31,2017,B45DW,Admet v2,Mile End
1965,SB 73 NH,Scania K320UB,YS2K4X20001903058,Custom 'CB80 Series 2',G7102-30,Oct-17,B45DW,Admet v2,Mile End
1966,SB 99 NJ,Scania K320UB,YS2K4X20001903509,Custom 'CB80 Series 2',G7102-32,Nov-17,B45DW,Admet v2,Mile End
1967,SB 31 NO,Scania K320UB,YS2K4X20001903851,Custom 'CB80 Series 2',G7102-33,2017,B45DW,Admet v2,Mile End
1968,SB 30 NO,Scania K320UB,YS2K4X20001903864,Custom 'CB80 Series 2',G7102-34,2017,B45DW,Admet v2,Mile End
1969,SB 47 NT,Scania K320UB,YS2K4X20001902756,Custom 'CB80 Series 2',G7102-35,2018,B45DW,Admet v2,Mile End
1970,SB 05 NU,Scania K320UB,YS2K4X20001902775,Custom 'CB80 Series 2',G7102-36,2018,B45DW,Admet v2,Mile End
1971,SB 13 NV,Scania K320UB,YS2K4X20001902746,Custom 'CB80 Series 2',G7102-37,Jun-18,B45DW,Admet v2,Mile End
1972,SB 84 NR,Scania K320UB,YS2K4X20001902754,Custom 'CB80 Series 2',G7102-38,2018,B45DW,Admet v2,Mile End
1973,SB 93 NW,Scania K320UB,YS2K4X20001902296,Bustech 'VST',18/501,Jul-18,B47DW,Admet v2,Mile End
1974,XS 53AB,Scania K320UB,YS2K4X20001902738,Bustech 'VST',18/503,Aug-18,B47DW,Admet v2,Mile End
1975,XS 59AC,Scania K320UB,YS2K4X20001904187,Bustech 'VST',18/502,Aug-18,B47DW,Admet v2,Mile End
1976,XS 58AC,Scania K320UB,YS2K4X20001906075,Bustech 'VST',18/504,Aug-18,B47DW,Admet v2,Mile End
1977,XS 19AL,Scania K320UB,YS2K4X20001906278,Bustech 'VST',18/505,Aug-18,B47DW,Admet v2,Mile End
1978,XS 05AL,Scania K320UB,YS2K4X20001906121,Bustech 'VST',18/506,Aug-18,B47DW,Admet v2,Mile End
1979,XS 61AC,Scania K320UB,YS2K4X20001904899,Bustech 'VST',18/507,Aug-18,B47DW,Admet v2,Mile End
1980,XS 67AQ,Scania K320UB,YS2K4X20001902762,Bustech 'VST',18/508,Aug-18,B47DW,Admet v2,Mile End
1981,SB 01 NM,Scania K320UB,YS2K4X20001904201,Bustech 'VST',18/509,Jun-18,B47DW,Admet v2,Mile End
1982,XS 66AQ,Scania K320UB,YS2K4X20001906251,Bustech 'VST',18/510,Sep-18,B47DW,Admet v2,Mile End
1983,XS 74AO,Scania K320UB,YS2K4X20001906518,Bustech 'VST',18/511,Sep-18,B47DW,Admet v2,Mile End
1984,XS 38AS,Scania K320UB,YS2K4X20001906576,Bustech 'VST',18/512,2018,B47DW,Admet v2,Mile End
1985,XS 30AS,Scania K320UB,YS2K4X20001906772,Bustech 'VST',18/513,Oct-18,B47DW,Admet v2,Mile End
1986,XS 13AV,Scania K320UB,YS2K4X20001906852,Bustech 'VST',18/514,Oct-18,B47DW,Admet v2,Mile End
1987,XS 14AV,Scania K320UB,YS2K4X20001906861,Bustech 'VST',18/515,Oct-18,B47DW,Admet v2,Mile End
1988,XS 30AU,Scania K320UB,YS2K4X20001906837,Bustech 'VST',18/516,Oct-18,B47DW,Admet v2,Mile End
1989,XS 97AW,Scania K320UB,YS2K4X20001906857,Bustech 'VST',18/517,Oct-18,B47DW,Admet v2,Mile End
1990,XS 45AQ,Scania K320UB,YS2K4X20001906894,Bustech 'VST',18/518,2018,B47DW,Admet v2,Mile End
1991,XS 16AZ,Scania K320UB,YS2K4X20001906865,Bustech 'VST',18/519,2018,B47DW,Admet v2,Mile End
1992,XS 00AY,Scania K320UB,YS2K4X20001908695,Bustech 'VST',18/520,2018,B47DW,Admet v2,Mile End
1993,XS 14AY,Scania K320UB,YS2K4X20001908760,Bustech 'VST',18/521,2018,B47DW,Admet v2,Mile End
1994,XS 13BE,Scania K320UB,YS2K4X20001908714,Bustech 'VST',,2019,B47DW,Admet v2,Mile End
1995,XS 14BE,Scania K320UB,YS2K4X20001908705,Bustech 'VST',,2019,B47DW,Admet v2,Mile End
1996,XS 12BE,Scania K320UB,YS2K4X20001908724,Bustech 'VST',,2019,B47DW,Admet v2,Mile End
1997,XS 15BE,Scania K320UB,YS2K4X20001908736,Bustech 'VST',,2019,B47DW,Admet v2,Mile End
1998,XS 16BE,Scania K320UB,YS2K4X20001907042,Bustech 'VST',,2019,B47DW,Admet v2,Mile End
1999,XS 03BG,Scania K320UB,YS2K4X20001907051,Bustech 'VST',,2019,B47DW,Admet v2,Mile End
2823,XHB 624,Scania L94UA,YS2L6X20001851249,Custom Coaches 'CB60 Combo',6043A,Sep-05,AB69DW,Admet,Edinburgh North
5001,XS 49DX,Scania K320UB,YS2K4X20001918680,BusTech (SA) 'VST',21/543,2021,B43DW,Admet New,Morphettville
5002,XS 67DX,Scania K320UB,YS2K4X20001918701,BusTech (SA) 'VST',,2021,B43DW,Admet New,Morphettville
5003,XS 71DY,Scania K320UB,YS2K4X20001918705,BusTech (SA) 'VST',,2021,B43DW,Admet New,Morphettville
5004,XS 48EC,Scania K320UB,YS2K4X20001918710,BusTech (SA) 'VST',,2021,B43DW,Admet New,Morphettville
5005,XS 90DV,Scania K320UB,YS2K4X20001918718,BusTech (SA) 'VST',,2021,B43DW,Admet New,Morphettville
5006,XS 01EY,Scania K320CB,9325,BusTech (SA) 'VST',,,B43DW,Admet New,Morphettville
5007,XS 04DX,Scania K320UB,YS2K4X20001918719,BusTech (SA) 'VST',,2021,B43DW,Admet New,Morphettville
5008,XS 56ED,Scania K320UB,YS2K4X20001918721,BusTech (SA) 'VST',,2021,B43DW,Admet New,Morphettville
5009,XS 70ED,Scania K320UB,YS2K4X20001918762,BusTech (SA) 'VST',,2021,B43DW,Admet New,Morphettville
5010,XS 93EC,Scania K320UB,YS2K4X20001918806,BusTech (SA) 'VST',,2021,B43DW,Admet New,Morphettville
5011,XS 46EE,Scania K320UB,YS2K4X20001918809,BusTech (SA) 'VST',,2021,B43DW,Admet New,Morphettville
5012,XS 58EI,Scania K320UB,YS2K4X20001918671,BusTech (SA) 'VST',,2021,B43DW,Admet New,Morphettville
5013,XS 57EI,Scania K320UB,YS2K4X20001918712,BusTech (SA) 'VST',,2021,B43DW,Admet New,Morphettville
5014,XS 45EO,Scania K320UB,YS2K4X20001919603,BusTech (SA) 'VST',,2021,B43DW,Admet New,Morphettville
5015,XS 57EM,Scania K320UB,YS2K4X20001929902,BusTech (SA) 'VST',,2021,B43DW,Admet New,Morphettville
5016,XS 85EL,Scania K320UB,YS2K4X20001929905,BusTech (SA) 'VST',,2021,B43DW,Admet New,Morphettville
5017,XS 10EP,Scania K320UB,YS2K4X20001929908,BusTech (SA) 'VST',,2021,B43DW,Admet New,Morphettville
5018,XS 58FK,Scania K320UB,YS2K4X20001920652,BusTech (SA) 'VST',,2022,B43DW,Admet New,Morphettville
5019,XS 54FQ,Scania K320UB,YS2K4X20001921022,BusTech (SA) 'VST',,2022,B43DW,Admet New,Morphettville
5020,XS 46FT,Scania K320UB,YS2K4X20001921009,BusTech (SA) 'VST',,2022,B43DW,Admet New,Morphettville
5021,XS 20FU,Scania K320UB,YS2K4X20001921016,BusTech (SA) 'VST',,2022,B43DW,Admet New,Morphettville
5022,XS 04FU,Scania K320UB,YS2K4X20001921020,BusTech (SA) 'VST',,2022,B43DW,Admet New,Morphettville
5023,XS 31FX,Scania K320UB,YS2K4X20001921258,BusTech (SA) 'VST',,2022,B43DW,Admet New,Morphettville
5024,XS 63FX,Scania K320UB,YS2K4X20001921249,BusTech (SA) 'VST',,2022,B43DW,Admet New,Morphettville
5025,XS 37FW,Scania K320UB,YS2K4X20001921236,BusTech (SA) 'VST',,2022,B43DW,Admet New,Morphettville
5701,XS 74DM,Scania K320UB Hybrid O-Bahn,YS2K4X20001926835,BusTech (SA) 'VST',,2020,B43DW,Admet Hybrid,Morphettville
5702,XS 61DN,Scania K320UB Hybrid,YS2K4X20001926815,BusTech (SA) 'VST',,2020,B43DW,Admet Hybrid,Morphettville
5703,XS 39EE,Scania K320UB Hybrid,YS2K4X20001926657,BusTech (SA) 'VST',,2021,B43DW,Admet Hybrid,Morphettville
5704,XS 05EE,Scania K320UB Hybrid,YS2K4X20001925753,BusTech (SA) 'VST',,2021,B43DW,Admet Hybrid,Morphettville
5705,XS 81EG,Scania K320UB Hybrid,YS2K4X20001926645,BusTech (SA) 'VST',,2021,B43DW,Admet Hybrid,Morphettville
5706,XS 72ET,Scania K320UB Hybrid,YS2K4X20001920333,BusTech (SA) 'VST',,2021,B43DW,Admet Hybrid,Morphettville
5707,XS 79EP,Scania K320UB Hybrid,YS2K4X20001920646,BusTech (SA) 'VST',,2022,B43DW,Admet Hybrid,Morphettville
5708,XS 53EN,Scania K320UB Hybrid,YS2K4X20001920454,BusTech (SA) 'VST',,2021,B43DW,Admet Hybrid,Morphettville
5709,XS 91EV,Scania K320UB Hybrid,YS2K4X20001920448,BusTech (SA) 'VST',,2021,B43DW,Admet Hybrid,Morphettville
5710,XS 60EX,Scania K320UB Hybrid,YS2K4X20001920458,BusTech (SA) 'VST',,2021,B43DW,Admet Hybrid,Morphettville
5711,XS 16FB,Scania K320UB Hybrid,YS2K4X20001920490,BusTech (SA) 'VST',,2022,B43DW,Admet Hybrid,Morphettville
5712,XS 32FG,Scania K320UB Hybrid,YS2K4X20001920496,BusTech (SA) 'VST',,2022,B43DW,Admet Hybrid,Morphettville
5713,XS 31FG,Scania K320UB Hybrid,YS2K4X20001920500,BusTech (SA) 'VST',,2022,B43DW,Admet Hybrid,Morphettville
5714,XS 36FW,Scania K320UB Hybrid,YS2K4X20001920538,BusTech (SA) 'VST',,2022,B43DW,Admet Hybrid,Morphettville
5715,XS 13FT,Scania K320UB Hybrid,YS2K4X20001920524,BusTech (SA) 'VST',,2022,B43DW,Admet Hybrid,Morphettville
5716,XS 40GA,Scania K320UB Hybrid,YS2K4X20001920541,BusTech (SA) 'VST',,2022,B43DW,Admet Hybrid,Morphettville
5717,XS 20GE,Scania K320UB Hybrid,YS2K4X20001920641,BusTech (SA) 'VST',,2022,B43DW,Admet Hybrid,Morphettville
5801,XS 01HJ,Scania C250EB,1391,Bustech 'VST',,2023,,Admet v2,Mile End
R1186,XS 80BW,Scania K360UA,YS2K4X20001902653,Custom Bus 'CB80',,2019,,Admet v2,Mile En